Product_ID,Product_Name,Brand,Category,Price
2ef6e8fa-6a36-4515-b1c2-a0a700abf386,despite,"Lawson, Stone and Campos",perfume oil,250.57
3ba38e01-f8e7-4af2-9246-87ef0961d4f5,sea,Washington Group,perfume oil,179.81
a58c53bd-a34b-4541-b926-bec9eb84cac2,suddenly,Rodgers Ltd,perfume oil,600.55
e6021be5-90be-4199-b6c6-82542fb2973c,site,"Wilson, Scott and Johnson",perfume oil,414.36
60127671-ab32-4fb5-bfeb-1a7782ad835e,act,"Riddle, Alvarez and Robinson",perfume,704.05
0d1b37a3-8159-4e28-841b-06971fe73e28,born,Jones-Edwards,perfume oil,951.69
9e82b85c-d4d6-4235-91f1-137fb41529ca,sister,"Webb, Wolf and Rogers",perfume,688.47
48ba3e86-167d-4b02-a5e8-0885e946edcb,difference,Johnston-Smith,perfume oil,604.82
74416f33-d5da-409c-b483-ac019b19f5c3,cost,"Edwards, Roberts and Jones",perfume,879.18
69caf9a6-a313-489d-a21e-1bcab6ea430e,specific,"Taylor, Miller and Owens",perfume,844.65
2009dc42-c675-48f2-aef9-b3a86556d508,culture,"Montoya, Smith and Carter",perfume oil,897.12
d47180ed-6607-4dd0-a521-303b187bfeb3,letter,"Peterson, Jones and Li",perfume oil,454.55
d96c5a13-1fbd-43a3-bcfc-83f5b139403b,wish,Jefferson and Sons,perfume oil,630.53
0a59ce14-fd99-4ded-bd19-4b22a52543fa,message,"Alexander, Williams and Russell",perfume,742.16
152d1d94-2f29-4bd0-a1c7-8e3489a65c0f,mention,"Young, Sandoval and Murphy",perfume,798.03
82a088c5-b4be-4e1c-90d5-5fd8c20080fe,police,Brown and Sons,perfume,242.74
273e9342-c3f2-47b0-b00d-81cfe7c77be9,very,"Parsons, Davis and Davis",perfume oil,677.54
b4ff33f4-c0c5-44fa-b179-25968b3c803b,eye,"Lynch, Dixon and Evans",perfume,21.98
0e4bdf71-b57c-455d-bc95-375f945af521,name,"Dawson, Long and Jordan",perfume oil,890.83
ff4c2f8f-fec1-4b20-9de3-12e0cbc57993,beat,Rangel-Becker,perfume,293.5
19d59b65-6a65-4d3d-bd81-2be4b930378a,whatever,Elliott Ltd,perfume oil,779.93
3e15d4ff-0375-4164-937a-b0dfd6739f0f,speak,"Savage, Holloway and Obrien",perfume,605.51
15d270d3-226e-4503-924f-39c193400892,hour,"Church, King and Chavez",perfume oil,40.55
4e32733c-2c39-4aa7-b75a-b0736639ab0b,above,"Martinez, Contreras and Reed",perfume oil,674.19
df76abe5-3360-4c54-9890-7ec2645c7fc0,no,Lee Ltd,perfume oil,844.44
60c0b1ca-a734-4e07-8e1f-c8a269664b42,court,"Baldwin, King and Cole",perfume oil,649.95
ab6a1e20-ef43-4c5a-8e05-54d757e653e1,somebody,Miller-Richard,perfume oil,822.22
cca822d5-f235-4e93-bddb-5773982c80d8,management,Weeks-Mendez,perfume,388.82
066618f8-ec72-47ff-88f6-8bd11825a70d,sit,Baker Ltd,perfume,877.61
837ff513-33b8-42da-9af8-94a1d89badbb,sing,Mcguire-Young,perfume,583.72
5fdec2be-913e-427a-8612-5657df06d851,fire,"Sandoval, Ramos and Ware",perfume oil,625.71
a637109e-42d2-49f1-be6e-99fb5ecaeccb,good,Sanchez Group,perfume,399.32
1f414aad-0080-4dbe-937c-5582f51a3d3f,field,Herrera-Jensen,perfume oil,633.84
4f0c2e2b-785a-49b7-8a7c-a01dff4e2a91,strong,Wilson PLC,perfume oil,827.94
7a3e7d47-7962-46e1-9441-b50d3435fb0b,early,Johnson-Fletcher,perfume,73.66
ea68ec4b-bad8-412e-9d0c-ee5e9e73a13f,not,Porter LLC,perfume,274.85
6a065eb2-450c-443a-8359-57b14d25f536,writer,Barnes LLC,perfume oil,468.38
fd76f3c8-2fc3-47f7-8fed-f09a485e942b,few,Garcia Group,perfume oil,289.53
9f4dfc84-0dfd-4b9f-bc6d-10c06799c149,ask,Gomez-Schmitt,perfume,935.58
91df663e-d9b0-496e-88c0-80fc1530bf08,nice,Baker and Sons,perfume oil,162.51
faf90bdb-cc47-40d7-9996-b289c3ed2516,item,"Thomas, Martin and Flores",perfume,809.01
3c644b7b-fe14-465b-a1da-0bd5c83ddb9c,seven,"Shea, Cole and Robinson",perfume oil,42.42
b3fcbea2-1955-47e8-bc02-e54d26c09f01,firm,"Thomas, Miller and Ali",perfume oil,948.99
dba8f77d-ef0a-478a-beea-f946f30d3f93,evening,Hunt Group,perfume oil,533.21
2fc87886-83d2-410a-9cd5-6df72a7eb40c,scientist,Martinez-Smith,perfume oil,824.23
0c971c5f-e562-47cd-887c-ee47a8b1c7a7,around,Rosario-Ball,perfume oil,259.12
c914ba2f-b190-47fc-a759-00305434d424,be,Griffin-Rios,perfume oil,883.34
d8357fee-f454-4ee8-978a-d368a46dacbd,themselves,"Abbott, Fleming and Davis",perfume oil,897.83
f0d85061-412d-4c8a-86d1-b12eb2ec705b,between,"Dean, Mckenzie and Aguirre",perfume,435.11
503a6ff8-007f-42bc-b3ac-fef09a99dfb6,carry,Ashley-Reeves,perfume oil,387.51
b7b4d358-0fbc-4b51-bd16-1307d8d88ec2,thought,"Edwards, Roman and Jenkins",perfume oil,568.83
f97e6b4f-6532-4bd1-a773-5adabc17cc6c,drop,"Moore, Nelson and Johnson",perfume,857.03
21a1ecb9-8ec3-4444-9246-87fe4b6f6bcc,property,"Gray, Larsen and Benitez",perfume oil,379.21
589542cf-ae90-4865-b429-5af22745e512,guess,Lopez Inc,perfume,159.26
5337a6a1-723f-473d-a611-eb87a30ba66b,hear,Rowe PLC,perfume oil,870.87
6f35839e-e1b5-4bf4-8ba2-48e9f0552c87,late,Holden Inc,perfume oil,71.99
193b48fe-5e8a-4f88-ae69-0450a9c0fe69,media,"Webb, Johns and Caldwell",perfume oil,193.57
5f1164a7-5a6c-4b4d-b8f6-de0a998a1c20,discussion,"Cunningham, Baker and Smith",perfume oil,961.31
f94a43a5-dc70-4362-8e3a-fdbedc4cefa2,article,Harris-Copeland,perfume oil,402.5
0364ab83-201c-4097-811d-7674804010e9,billion,Phillips-Hodges,perfume,791.88
6a63b5f9-798c-4586-95d1-cab5619ad4bc,provide,Knight-Russell,perfume,694.1
4bd26f86-bb47-48e5-bb55-523181a63f63,time,Stephenson PLC,perfume,716.42
2f6cdf50-3a3f-4ba4-89a8-003897cbfc13,together,Kramer-Harper,perfume,304.93
a9aedb20-8b6c-446c-bc1f-018a0d464316,minute,Williams-Reynolds,perfume oil,644.4
bbfd79b3-d6f8-4df6-8c83-78bb4eeccb7e,structure,Harrison-Taylor,perfume oil,318.03
06ca9a99-aa02-4057-9e7b-468e8b1108a4,word,Gonzalez Inc,perfume oil,729.92
43bf1c6a-e891-45a9-8cc5-e979c170a236,star,"Garcia, Thornton and Smith",perfume oil,539.22
49556cda-4815-4239-bf9c-a7faa142824a,worker,Kelley-Duncan,perfume oil,325.62
27103cce-5db2-463c-bc2d-67be46776aca,hair,"Taylor, Ryan and Carr",perfume,74.19
973e0e0c-b37c-4e0d-ae86-f5b6c3d8bd94,food,Bender-Cox,perfume,462.21
6a8c3e9c-07e2-452c-8455-3f53aa0b3923,tree,Williams-Benton,perfume,602.9
dbf26729-a518-4719-9afc-aaa24293355d,human,"Trevino, Davis and Fritz",perfume,595.41
5f187b33-4f4e-49a4-a2fd-fe73c7919dcb,add,Smith PLC,perfume oil,29.8
fa7f4b7f-44ac-471c-b6c8-73f4106c7793,back,Aguilar-Ibarra,perfume,640.65
69d081a9-2af4-4999-928b-c4081ebc90a2,TV,White-Freeman,perfume,133.17
2c7ebcfb-7909-4041-94ab-787462a27b27,street,"Lewis, Hayes and Boyer",perfume oil,106.66
af421f4c-2134-425c-a9a5-1e6865af65e5,growth,Estrada Ltd,perfume,484.47
48fcceb3-0806-48c3-aaf9-302347f50316,majority,Terry Inc,perfume,321.34
61934d8b-26a6-4b27-8682-942287b2ae0d,member,Hoffman-Roman,perfume oil,412.18
1138e4f9-d37e-4601-be41-b68a6cf8931e,worker,"Parks, Cobb and Price",perfume,22.41
691ccd59-e770-4e64-a1e5-9dc5d99ca44c,get,"Gonzalez, Chavez and Williams",perfume,575.48
6a0f9fee-4948-43c2-b61a-7450c00bb568,effort,"Stevens, Powell and Mckinney",perfume oil,648.67
53f55800-1d1d-4866-af6c-ee0c6f7ca904,rest,Marshall and Sons,perfume oil,419.55
f18a3fb1-b6d2-4756-80d9-f7deb4a19d1b,safe,Garza Inc,perfume oil,392.3
fd099685-a51b-4d29-a77f-7c203d039ca1,could,"Parks, Cabrera and Wells",perfume oil,664.25
0716872c-2ddd-4447-b90e-63ded218ba26,control,Brown-Steele,perfume oil,656.68
744116c6-1533-4eda-b45e-c34ebb44b74a,behavior,Cohen Ltd,perfume,30.8
89574032-bd36-4dc6-9330-bdfb1211d445,land,Flores-Mason,perfume,389.78
e5bb980c-08b6-4e5b-ade2-fc9515070d43,performance,"Andrade, Mcfarland and Jones",perfume,836.62
a4ca8c78-20bb-42aa-97e6-79f2f2c0a93b,issue,Smith-Williams,perfume,997.99
7dc77bfe-3a33-4497-82d7-003fd2461453,if,"Ferrell, Morales and Wolf",perfume,361.9
28596563-7014-4afa-a383-1dbe96cfcf1d,structure,Marks-Rodriguez,perfume oil,484.13
f023765a-ad1b-4723-8cad-e1d582744eef,stuff,West Ltd,perfume,497.52
aea8f846-f772-454c-bed5-ca5b9efaaf17,detail,White-Sanchez,perfume oil,191.91
8a2b97a9-f812-48a9-ad79-5403a614748d,move,Hughes PLC,perfume,790.31
b453d8b0-e6e0-41a8-b52e-e57fa7ac906e,heart,Soto-White,perfume oil,372.26
cf4aa2cf-749c-4283-8ccd-1777f36b509a,stuff,"Watkins, Fox and Walker",perfume,508.08
0f040a2a-8237-4358-a08d-3f2c6cce0133,offer,"Hernandez, Cooper and Wilson",perfume oil,841.45
feca3f89-654e-4bd4-95dc-1da5ab8b8002,write,"Roberson, Pittman and Warren",perfume oil,921.29
a580321c-b769-4f95-92ae-fad9ef029319,bag,Taylor PLC,perfume,844.21
38feca51-a60c-4f1a-8a6d-629264d3e5a7,manage,"Woodward, Turner and Allen",perfume,164.09
d179e5b8-3153-404f-95a8-3b44bec3fa17,by,Anderson-Moore,perfume,535.75
b5351550-9772-47cc-8745-9a9f37abcb6f,season,Dominguez-Wallace,perfume,982.06
1535907f-4e10-414e-8e33-2d0d8a2ece2c,option,"Henderson, Bright and Carney",perfume oil,461.6
9a19de7c-2ee1-4825-8b26-3a95d1cbee62,course,Chambers LLC,perfume,157.13
5a4ca5a0-af0e-439a-8e42-6c9b5240c63f,get,Goodman-Trevino,perfume oil,972.68
e2856c49-7c89-43dd-9483-ff07a7731e4c,us,Miller PLC,perfume,33.28
1a3ba496-107a-4be8-9f8a-563481690c57,inside,Arnold PLC,perfume oil,780.3
35010911-ed6c-4914-b222-cae72ea78ad1,executive,"Mosley, Cobb and Nelson",perfume,219.82
214fe742-0149-45df-aa11-9bd492f56700,first,"Jones, Walker and Jones",perfume,361.88
89bb3a19-223e-42d7-9642-1ab0b62299e8,treatment,Mccarthy-Meyer,perfume,711.56
ea2c54b7-9df8-44e8-a7d3-325d7e74a211,then,"Sanders, Goodwin and Williams",perfume,910.19
f8602980-bb38-4e31-b0ca-ea77a8e5b427,main,"Strong, Smith and Duncan",perfume oil,254.0
45d37cbd-6c4a-43ee-ba63-82f5e2a1cc5c,memory,Conner and Sons,perfume,586.34
0b86a935-f04e-4bf0-8a93-379bc20a9b83,trade,"Davis, Hall and Rodriguez",perfume oil,898.05
4a313030-ca93-4832-9a96-3f2f5c32097b,relate,Cohen and Sons,perfume oil,646.43
33a9b713-2702-49a9-a497-a510a2f47391,dark,Allen PLC,perfume,85.76
3c5a26f8-9260-482c-8a15-4dfa020bbc08,knowledge,"Wood, Acosta and Richardson",perfume oil,251.56
1e8a8620-f54e-494c-8638-3c7d73a003c5,fight,Parker-Schroeder,perfume oil,889.58
aacc9399-9177-4074-9a4c-446f499e5e11,stand,Ochoa-Phillips,perfume,887.32
bf14bf4b-b22e-4c03-8c7b-d45448329815,call,"Stephenson, Huynh and Bryant",perfume,915.57
c638d719-e1df-4c06-acfb-da55a8d19dfa,because,Phillips-Meyer,perfume,735.56
48565299-8cfe-4fd6-b0d3-007c8704ee02,red,Valentine Inc,perfume oil,616.86
c4cbe3ff-f806-43e9-b2e8-3ef67c5455f9,that,Ortiz-Munoz,perfume oil,436.57
ea26f6c9-33b7-4638-b748-3122b31176a5,old,"Vega, Neal and French",perfume oil,65.01
6f131681-3d24-46cb-a18a-fa8532ceae4a,oil,Mahoney Inc,perfume,886.99
cd18881e-bbc4-419e-b5fb-0c4034690aac,inside,Jones-Lara,perfume oil,85.23
23ef439c-89c3-4972-ab2d-0855714f81cd,event,Duncan-Singh,perfume,38.59
639debaf-67e3-461b-9217-74eff3fde651,consider,Davis-Garcia,perfume oil,321.24
8074176a-41ff-44e7-bce3-413a1418eedd,man,Smith Ltd,perfume oil,126.68
dd604345-1f0d-46d9-8f15-ee03fc0d622e,article,Nichols-Reid,perfume oil,823.96
6de003ac-591f-4073-97de-50e99b39787f,high,Dougherty-Johnson,perfume oil,286.49
765a72b9-d13e-4aac-8d17-78ff30328501,director,"Lutz, Hoover and Dunn",perfume oil,189.19
510d4ada-c3ca-476b-9956-7859b17a5bdf,actually,Smith-Lopez,perfume,767.17
af5e4014-b369-4cb4-b5be-02cb86384af3,and,Russell-Anderson,perfume oil,172.88
2dfe1d75-b12c-4d52-b630-f7e80d1150e8,hand,Ross and Sons,perfume,449.91
3c7bd415-651f-4e9e-8273-55b24accec72,low,Chavez-Pearson,perfume,910.57
a9184225-8a46-48e3-a5d0-78382dda395d,order,Powell Inc,perfume oil,168.4
ad18f966-2ca9-4b23-8ad4-8615a47b35ed,hot,Farrell-Davis,perfume oil,305.47
c5871c18-bac7-405d-b324-b157a45ebd81,white,Cooper Inc,perfume oil,882.6
d97cb190-6e85-40b3-b41f-19245f784c45,mouth,Brown-Hoffman,perfume,55.56
ebe1ef18-39a6-4dee-874d-ce438646befa,market,Arnold Inc,perfume,273.64
0d9f97b2-985f-4b6f-88db-f81ac0a3e4df,bar,Lopez Ltd,perfume oil,90.74
bcd36783-84dc-49fe-aa49-21475b0485cf,then,Stevenson-Reeves,perfume oil,798.7
79fcec10-c543-42de-a58c-7d7f3675e7e5,religious,"Rich, Shepard and Johnson",perfume,556.17
8ee45045-3df0-4d01-b706-0d027ae05b6c,car,"Morgan, Gray and Smith",perfume oil,152.52
f093f86e-b274-4e17-a044-6c51c2612685,financial,Miller PLC,perfume,255.46
cfc2066c-865b-452b-94e3-ce214a7825ed,price,Morales-Crawford,perfume oil,262.64
e4c1c74b-801e-46ee-8621-f6a015ebf62d,network,Hayes-Kelly,perfume,523.56
547d298a-923b-46e3-a35a-e9311333b8d5,model,"Roberson, Jones and Zhang",perfume oil,485.76
0f7676c8-ec74-4dc4-b872-642ed2937fde,shoulder,Downs Group,perfume oil,371.59
12e8eeed-0afe-4568-a98b-e063aab7a4de,decide,Allen-Little,perfume oil,757.93
5efdf13d-2139-4e9c-9e6d-185a3d17d65b,performance,Warren Inc,perfume,993.62
2800e42d-70b5-4610-bf2c-16da53b6a242,eye,"Evans, Martin and Sherman",perfume,996.32
a9712e46-67f2-4170-824b-209236ec24a2,behavior,"Johnson, Mendoza and Martinez",perfume,136.13
29ca19a6-b4e6-494d-b49e-23ec8602075e,attack,Lopez Inc,perfume oil,723.7
a6df522e-9af2-4d96-b8ee-db3563b8f65c,approach,Davis Group,perfume,626.51
3e92157f-7142-4814-bc46-fd35838b55fb,rich,Jones Group,perfume,267.35
e7cafdc4-cabc-451d-b2cb-71644d8ec997,wait,"Mccoy, Dennis and Hines",perfume,932.69
b78e202d-5ba0-4c96-a16f-60e13aab4c9d,try,"Nicholson, Davidson and Morris",perfume,811.86
c94991f9-9cbd-4db1-b308-e7cfa66e39a1,seek,Blake Inc,perfume,78.67
ba6b0c53-5128-479b-b26f-caf62ad51090,go,Cabrera and Sons,perfume oil,692.27
a7f2e052-014d-4aa9-b8b3-3e90f9f63616,drive,"Stewart, White and Young",perfume,159.61
87cb7a35-f522-481d-8f21-97ccaaf034e1,effect,"Henderson, Wilson and Maynard",perfume oil,632.01
5631d443-d218-4876-b370-b35786b75187,reason,Savage-Daniels,perfume oil,156.73
9be5757b-eb20-4719-8a2f-c7fd2c34467c,reduce,"Cunningham, Barnett and Jacobson",perfume,354.86
a9bb434e-c64f-4a2a-840d-bf4fc74d850c,smile,Morris-Zamora,perfume oil,102.02
4cd36696-405f-4386-b9e0-244bbf852d84,spend,Morton Group,perfume oil,115.3
55b05086-d63b-44a7-85c0-105cb5c9c417,focus,Sullivan-Fuentes,perfume,927.42
c91bf1ef-81f4-4834-a450-1b509edb9aa1,guy,Crane PLC,perfume,707.37
5b525e1d-17ca-45da-abc1-70d413348635,two,Miller-Porter,perfume,753.01
2fe6e0fe-6868-471d-a6eb-117d0c505fbc,lawyer,Wheeler-Green,perfume,253.28
9cbe072d-0c22-42c3-8193-de2051d2af54,little,Herman-Hudson,perfume oil,162.14
021fb9a8-9bde-4eab-999a-65232841bb5f,threat,"Mckinney, Garcia and Nichols",perfume,950.61
d4416f06-3fa1-402f-9d16-c496ec9b01de,according,Carr PLC,perfume,267.64
986ba1e2-f191-4aa0-a2e8-66bce322fff0,do,Wilson PLC,perfume,439.38
d586c0fe-0a4c-4dc3-97a8-21af756f336f,modern,Franco PLC,perfume,882.53
ba36dcb0-46c9-4803-a20f-80724f967a11,defense,"Estes, Lucas and Edwards",perfume oil,771.61
e4923cfd-a9a1-41f3-98b7-f865f2c3c9cf,station,Hoffman Group,perfume oil,286.16
9445b6ec-9792-4a60-bc37-30ced30badc6,pass,"Parks, Garcia and Parker",perfume oil,258.25
5b4d1e82-3db1-4474-ac66-416088fb301d,short,Fisher-Livingston,perfume,908.47
01d55780-41a9-4c60-b44a-b9ba9ecccdad,military,"Gomez, Lopez and Crawford",perfume oil,809.38
0dd0042d-6b71-43df-aa2c-ff1f9b6da7d4,order,"Gomez, Schroeder and Hernandez",perfume,667.58
7e8d62a6-bf4b-4e32-b6cd-dbd3020ede56,degree,Stewart and Sons,perfume oil,808.33
8bf19f77-3bb7-4c1c-99e0-43f695b59d4a,produce,Dunn-Phelps,perfume oil,364.53
18edc498-46b9-44d8-9df3-d9b0dcf81dc8,responsibility,"Robinson, Mendez and Castro",perfume,215.66
a249b9a4-2f3f-48c2-bd60-b1b9702e5bf8,task,Harris PLC,perfume,22.26
ea82629b-c7d6-449b-9ec7-cbfb8934f195,accept,Bridges and Sons,perfume,990.49
0bd9acfa-7431-463d-9434-ab438c8ad0de,fast,Mckee Group,perfume,211.03
103b0c03-50f2-40ce-b5cc-d56d62550a76,hotel,Brown-Robinson,perfume oil,496.24
ee88d44d-2482-4a96-9bbf-113e665c17ca,really,Miller Group,perfume oil,773.19
5d0eaece-734e-478d-b3fa-eccf11ac9420,point,Crawford LLC,perfume oil,161.84
dba9d0b2-067a-447c-b1f2-5e5b897c0d35,find,Obrien-Schwartz,perfume,848.72
09a46130-40ff-4e5f-997d-4b345809f726,laugh,"Adams, Allen and Luna",perfume oil,703.43
589b342b-15bb-43b8-9a73-71865cc81c56,dinner,Scott Inc,perfume,846.41
fe4f6ec6-9866-4d9b-8ff5-8bb4ff79825d,hotel,Collins-Villa,perfume oil,487.66
7adf7e80-e581-441b-9071-a33f7bacae9d,person,"Glover, Wilson and Valenzuela",perfume oil,49.0
e65f5579-727e-4341-8c93-72c19d1ff806,political,Cardenas-Jones,perfume oil,685.97
d4f9a601-5055-4aba-ab8b-1221cade2e22,society,"Ellis, Wright and Kirk",perfume oil,573.16
aba4e135-bfba-4fa7-b994-63f26570a681,according,Miller PLC,perfume,602.62
353ddde3-5f14-4571-9fbc-49cf2fe8b05f,evidence,"Collins, Weber and Morris",perfume,189.72
d63e3f86-1d23-4033-bf87-5b1688dd6012,grow,"Davis, Thomas and Velasquez",perfume oil,705.26
7635035c-5352-4e6c-a9fd-e2bd979dc2be,before,Lam-Morris,perfume,393.05
0d51a573-4879-468b-8805-1006c2a149ea,even,"Huber, Haney and Duran",perfume,182.52
797d1bf8-1008-4f99-977d-3fe841d1e69f,somebody,King-Johnson,perfume,404.4
7b49af98-a525-41e2-86b5-ac8327edd3b5,source,Alvarez-Johnson,perfume oil,920.52
22719359-c615-4f8e-92d4-1c2f0341a590,single,"Olsen, Williams and Young",perfume,985.56
6dd5d1bf-e5f2-4c91-82a2-2bcd035c12ae,what,"Mcdonald, Medina and Morris",perfume,579.8
4ed74120-08b2-45c7-8451-6d1a17681870,idea,"Fitzgerald, Wilson and Deleon",perfume,704.9
6611a581-f10d-4752-8cce-8341aa0631d5,across,"Gilbert, Steele and Frank",perfume oil,247.28
93a21710-cfb7-4192-9093-679c089dc2d9,now,Turner-Black,perfume oil,370.79
5c0688fa-d22b-42e1-b4b7-66557ddeda68,push,"Ward, Reid and Brown",perfume oil,36.03
c435ec49-1ab7-4ab3-baa9-734bce6e6d6a,region,Williams-Love,perfume,558.71
81230f30-3655-4bc5-add8-5b95247f87d5,including,"Knight, Baker and Garcia",perfume oil,917.5
22fdfd14-e7d8-487e-b6c7-968d516b5159,involve,Ward Ltd,perfume,252.02
ad13a45b-37c7-4454-bbf4-fad4748d4786,follow,"Williams, Martinez and Ramos",perfume oil,332.69
7303abd4-1632-4ef6-b080-b36f5c67052c,lot,"Bradshaw, Clayton and Archer",perfume,722.85
a821a4f7-03ba-402f-8bec-6c5cef763ac9,clear,Fuller-Lynch,perfume,864.35
805ce35a-a771-4210-b590-9441431730a0,want,Cooper Group,perfume oil,916.12
eb508314-4728-4bb8-b008-1fb104770954,parent,Watson-Stanley,perfume oil,273.25
66420fd9-0c40-478b-b03a-d47e8e74296d,happy,"Bishop, Villarreal and James",perfume,944.31
c7f582e8-6d65-46b7-b1d6-6c495b96f516,professional,Murillo LLC,perfume oil,465.92
8dcdd790-abd4-42ea-a9f8-a9de5791781d,black,Pope-Castillo,perfume,79.16
ef081785-79ae-4107-86c9-5d829b3e5bec,natural,Lowery-Holt,perfume,781.69
61e6b324-08e8-4a17-84e2-17b153cf9139,all,"Moore, Walton and Robertson",perfume oil,171.2
7e66c3dc-d44c-4349-9bdd-f6b42f6ade61,unit,Barajas and Sons,perfume oil,300.81
4b8c93c6-b2e1-4a22-9da0-a2cc09d11340,agreement,"Holt, West and Stone",perfume oil,553.39
296e07a9-fe7d-42e9-a377-06027372496e,cover,Meadows-Henderson,perfume oil,63.66
cab6b05e-8397-487d-be9c-31416528d78e,why,Nguyen and Sons,perfume oil,556.87
00008eab-c8e5-447a-beaa-f719c16f1f36,section,Vincent-Wolfe,perfume,281.83
ad895c21-37b3-455c-a316-20cb7134e921,off,Graves-Odonnell,perfume,825.85
99e3f63e-344f-4447-8bb1-38a522cee395,fly,"Holmes, King and Walker",perfume,424.56
a13985a9-bbb5-48a4-8e96-4b6319c6b833,sort,Nolan-Blackwell,perfume oil,431.23
3b78895a-04de-490f-871c-a0f175e1d34b,throw,Kelley Ltd,perfume oil,974.84
5524238c-49d5-4371-a022-345f7965b48f,space,Walker-Rogers,perfume,574.17
7cb69678-da11-45ba-9e14-0e00f8c6c264,decade,Howard PLC,perfume oil,771.35
b597b22b-9605-403e-8112-5e33c0c4f0d5,benefit,Wilson-Taylor,perfume oil,136.91
61c0ba33-a986-45a9-8ba2-56cdc49ff64e,summer,Diaz-Berry,perfume,986.7
9edb2cb6-2ccd-484e-a2c9-d53bc628e762,believe,"Cordova, Garrett and Mcdaniel",perfume oil,839.66
5a0de4a6-5acc-475c-ab40-b456a9a18da6,relate,"Jones, Brown and Wade",perfume,906.63
855b280e-5613-4540-ad68-3669467f8352,after,"Gonzalez, Smith and Wright",perfume oil,645.46
6a0755d3-ced5-417e-8995-da291c2b133e,same,Yang Ltd,perfume oil,662.61
15dea223-6039-4bb0-a619-e3c243b756b1,challenge,Brown PLC,perfume oil,482.89
a96e8469-d8c9-4919-bc50-947ebb568ffa,system,Ayers PLC,perfume oil,778.88
f3ab114e-2e1a-4791-86c0-812ae850dd97,benefit,Bowen Group,perfume oil,41.6
ff888821-2997-4717-8cb3-384a35dd5b39,number,"Jordan, Long and Cole",perfume oil,141.18
7fd2f672-5a89-41e9-80b1-14503d1ba991,person,Copeland Ltd,perfume oil,417.78
1003c148-9c39-4bd1-9cd6-a89ede883d37,consumer,Greer-Davis,perfume oil,654.66
b5f99827-a832-471d-a522-a3b040017c58,condition,Arellano-Valdez,perfume oil,542.91
20df9a55-ff08-4061-984c-8e45e96d9132,cause,Barron-Brooks,perfume oil,999.01
bffcf826-7270-4396-95f1-4b318985770c,away,"Jenkins, Steele and Sullivan",perfume oil,733.18
9998ada7-8593-4df3-8208-656a87e41361,organization,Hicks-Lane,perfume,20.72
9ab2af2d-0446-46d3-91e9-9561c03aba75,everyone,White-Oconnell,perfume,218.03
3a50dcc8-4a0e-4073-beca-dab480e6caef,success,Patrick Group,perfume,747.6
ae9057b9-a297-4e39-b009-913f34081427,again,Johnston Group,perfume,626.77
b176902c-b1d6-496a-b4b0-f84d834b42e4,study,"Koch, Bates and Richard",perfume oil,191.56
dbd5a9a0-c835-4c12-b1a9-43325ac04fe5,sister,Clark LLC,perfume oil,90.65
17f29100-561b-4eb6-9f05-c0eafc14c1f7,cover,Anderson-Hartman,perfume,508.06
bcfab353-4635-44de-a961-cfb5ed998fd7,speak,West PLC,perfume oil,760.75
2c98fad0-d523-4c6c-a51e-d2d78d1c8068,back,Smith PLC,perfume,692.5
01f9ab39-ed91-4586-b7f9-8d2f23a08ea7,hope,"Campbell, Leon and Collins",perfume oil,501.55
8995c32b-b30a-44a1-803a-29ab4f6d3029,six,Jackson Ltd,perfume,387.76
6b97fd88-890f-4ad7-820d-7327a43f518e,partner,Hill-Lopez,perfume oil,541.65
946d5812-8a1f-4cf7-b48b-bf5f25a545ca,realize,Farmer-Poole,perfume,27.07
fed7aeba-f4ce-4395-92d3-52c08caea6d3,control,"Vang, Lopez and Brown",perfume,247.44
36042b0b-8f57-4615-9294-648c9f81bcd9,chair,Phillips PLC,perfume oil,756.0
f8f77bc5-ae47-450a-99ff-a2429a68f1f6,direction,"Mitchell, Shelton and Lopez",perfume,186.4
b483b910-be46-472a-9326-c0dae8043093,general,Davis-Blair,perfume oil,138.18
c04b7c07-4401-48bd-bb1c-b0c894217591,concern,Wright-James,perfume oil,845.87
6b361160-8230-4480-82ff-a1b7dfd291df,child,Harper Inc,perfume oil,881.04
2ebab396-34d8-418b-baa7-3692382829eb,arm,Harris-Santos,perfume oil,660.89
2d317c27-f5ba-4ad1-9e0d-c32a0c7a746b,reach,Newman PLC,perfume oil,302.28
40567635-4f18-49f3-a3c8-63d32d835d82,American,"Jackson, Walters and Tran",perfume,474.44
eb257925-ef6d-4d08-a6ce-52dea5b11abc,professor,"Stewart, Sullivan and Daniels",perfume,217.6
a8c2d402-219b-46c5-b88c-44dcb8a3f3c5,west,Cook and Sons,perfume oil,629.66
3efb26f6-d96a-4bce-9d45-826cf44eb75e,enter,Ortiz-Carter,perfume,894.97
3999216e-df72-4517-bdd7-5db3b013a36e,care,Gonzalez Inc,perfume oil,487.41
7804d313-89df-487d-a261-2920d0427c16,effect,Taylor-Sharp,perfume,166.39
45fb1b7a-31df-43ae-9ad8-92968c2fa2b2,city,Jones LLC,perfume oil,21.43
6e133167-c1f3-4e7a-9a61-0b47f95c34f1,improve,"Cochran, Abbott and Foster",perfume oil,997.78
58c97a08-19cd-4c11-a002-ef92d7ccbaf9,service,"Wall, Henry and Mendez",perfume oil,468.84
806385b8-0f44-4e9c-a8a8-b57a25a5e191,design,"Branch, Brady and Lopez",perfume,533.22
604de4dd-327b-424c-9f22-296fe63830e9,later,"Bates, Silva and Schwartz",perfume oil,416.87
46f2dac1-1ad1-4298-a9a8-95423b4dbff0,glass,"Leblanc, Baker and Cummings",perfume oil,216.85
c16010ef-3437-42cb-a478-6ba7d2d96034,expert,Lopez-Simon,perfume oil,18.75
66cb2b98-31f6-40c3-bc0b-9b654ff111ad,easy,Wallace Ltd,perfume,169.2
37786033-cc04-4800-9f66-74ac92063a1c,research,Anthony-Hayes,perfume oil,950.37
a5583cd7-dcb3-41dc-b6da-e37e24c39ccd,nation,"Welch, Little and Adkins",perfume oil,40.91
0e867f4a-b672-402b-bb4e-de26ce9757b3,end,Martin-Adkins,perfume oil,571.75
0a251e19-5cd9-43d2-99f1-855979a78e83,performance,"Romero, Bell and Huerta",perfume,490.77
27aef7f9-5bf0-4537-972a-41886bc7287f,crime,Burke Ltd,perfume oil,445.6
26353590-b90b-40ee-b652-43bc5445143d,field,Dominguez and Sons,perfume oil,322.45
cbe12929-383e-43f6-baf0-9ceb9364a3db,forget,Brewer Inc,perfume,318.69
512829c3-be72-4089-802e-effbda4f6bec,deep,"Robinson, Moyer and Stevens",perfume,135.07
6013276e-c474-4536-89c8-1a953752ddf5,leg,Garza-White,perfume oil,66.12
8b6f81d5-80f1-41eb-a892-dd582779411b,stuff,Allison Ltd,perfume,29.52
b8129fc0-3fdc-49fc-8b6b-58bea35cca63,part,"Welch, Henderson and Le",perfume,747.66
2543bba8-3eea-493b-b0ed-0693c940de93,environmental,Mckinney Inc,perfume oil,272.55
0100f654-d364-461c-9d7e-b96f9abe0146,meet,Harris Inc,perfume,952.01
d06e5522-7e59-4e17-b459-4f08f88f66c8,language,Meza-Stone,perfume,455.79
b6cd5522-fe18-44ba-b94e-0f1a2200ca2c,building,Johnson-Bass,perfume oil,453.35
a6ff3910-a3c9-4b01-ab94-53ff8a8ec468,every,Nichols LLC,perfume oil,41.46
83be3dff-8385-4d29-89ef-6a2e157672d4,paper,Lewis-Wang,perfume oil,705.26
247eb9f9-c5c1-435f-9e9d-18f6b49a27b3,fine,Callahan Inc,perfume oil,33.33
6ac6b202-9641-448a-84cd-d89ec2798e5b,more,Curry and Sons,perfume oil,577.43
50979a83-44fd-42a1-b6bf-b4dbfe08a2eb,lead,"Martin, Hill and Weiss",perfume,193.3
4cfc7bec-eb20-415d-9f2e-4d2cdba67a2c,music,"Harris, Mcpherson and Webster",perfume,113.35
6ea69bf0-dc9d-4e12-9cc6-b330805af80c,today,Bryant LLC,perfume,832.75
3aec39b2-37ee-4c2b-8c81-b6949119e83b,them,Sloan Ltd,perfume oil,304.1
ed0f58de-c5c5-4c92-ac5a-8ecce27742a1,financial,"Duarte, Gonzalez and Mendoza",perfume oil,909.88
fa7f173d-d69d-4106-af22-e4b0267a4d5d,four,Garcia-Farley,perfume oil,872.78
2242ea6e-04c4-485f-99ce-dc81158070d3,material,Mitchell and Sons,perfume oil,281.5
54788288-9c4d-4851-a7e5-d4c494221343,dream,Macias-Velasquez,perfume,829.75
0b239619-2890-4034-84d0-216024fd234e,fact,Rhodes Ltd,perfume,236.54
6f354926-3a6b-4ce7-ac52-efc5579ea090,expert,"Woods, Smith and Thomas",perfume oil,707.26
f4af9d3c-eec1-4df2-80f0-265c131e973c,indeed,Ingram PLC,perfume,293.26
17f15b11-98a3-4949-91d9-969588e8ff89,store,Elliott Group,perfume,880.89
549784b4-bea4-4037-a669-5831374847c5,trouble,"Rivera, Bradford and Vargas",perfume oil,374.46
d18dbab8-e879-4e8b-b809-cc079f3affc7,now,Potts-Potter,perfume oil,454.91
0063dd40-cd82-40c6-a169-f7fc9c4587ec,beautiful,"Roberts, Rogers and Hall",perfume,366.14
30392bfe-1a1a-4bec-845b-a001ea71340f,include,Price and Sons,perfume oil,137.26
7d7dab23-667f-4198-9c53-859d3a45c491,piece,Elliott-Fitzgerald,perfume oil,925.19
6506df43-580e-4234-941e-62f5a0db8953,middle,Anderson-Miles,perfume oil,494.62
9ef83c79-3b1f-4c2e-bd68-2bf7bb4ee7c9,would,"Logan, Cooper and Carter",perfume oil,892.65
ee28c50c-2b82-40be-a833-63605fa7c9ef,as,Haynes-Mccoy,perfume,92.83
b506f5da-31cd-4946-891c-bea152c9ba5f,though,"Watts, Smith and Hensley",perfume,115.51
fc000d38-cd07-4c1c-ba70-fbb544c1d60b,office,Charles Ltd,perfume,827.42
4ca670b2-428e-4ad4-8bd6-e9622d12efc6,culture,"Garza, Gordon and Navarro",perfume oil,259.65
4f3b2444-1d76-4255-9f25-9f84aac66ac2,scientist,Bryant PLC,perfume,329.94
7052218c-8b7f-48a5-b334-3d4702542f48,control,Riley-Cohen,perfume,829.67
0d694998-8fbd-4ea0-bf6e-fc8ad89ea3e9,forward,Thompson PLC,perfume,182.77
c495e04b-edfb-42c8-b28e-813195489200,off,Marshall and Sons,perfume,797.34
4f438d14-71d2-4ad2-91da-aac7cec20110,agree,Martinez Ltd,perfume,356.49
4fb4cb79-d5d4-4232-8cc1-4d86857090e4,organization,"Figueroa, James and Riley",perfume,48.24
f417ebb6-a043-4d77-81e2-d55ace2e6673,front,"Johnson, Bell and Adams",perfume oil,912.1
dea7d866-7c85-4809-bde4-dd1ca505182e,beat,Mcdaniel-Taylor,perfume oil,913.31
eb0fbe22-bc21-4ab0-8e26-fd805affcd62,heavy,"Harrington, Richards and Beck",perfume,393.57
9fcf593f-586a-4a59-9826-06671fa173cb,outside,Tucker Inc,perfume oil,482.77
6e4b9e7e-0eb8-4737-99ca-9eb414f00abc,thus,Young Inc,perfume,928.8
a3dc8dd0-bd15-4d7e-ba82-e0fdf22348c3,why,Evans PLC,perfume,552.51
f8f092a7-a7ce-4087-b07c-43ede1d486a9,human,"Mitchell, Price and Davis",perfume oil,487.72
9d836a46-5dff-4a36-8c26-2e47b0f0bd73,high,Maynard-Herring,perfume,913.46
23db9b8f-65ff-4ddc-8d9b-8d947dea8877,bar,"Kelly, Chapman and Pena",perfume,337.84
1a8028d5-faa2-4070-9b2f-c65c850a0285,with,Rodriguez-Hunter,perfume,360.97
b8dfee83-c4d1-40fb-bd28-528036cf1b2a,north,"Brewer, Miller and Wood",perfume,29.69
2568967b-a30b-40ee-9727-24f9e6ecea41,direction,Torres PLC,perfume oil,623.63
f2b062c8-0a3a-4dcf-9b39-607666834e16,these,"Kaiser, Dennis and Thompson",perfume oil,560.62
9b690b74-eb65-44c8-b3bf-b87a0dc1d114,move,"Anderson, Mahoney and Barron",perfume oil,984.56
63cb9f7a-4cf8-4611-8401-d6117f17eb29,worker,"Carroll, Campos and Weber",perfume oil,246.45
4869c5a9-17d2-4a96-84fc-bd9ec5057d57,particular,Richardson PLC,perfume oil,409.2
c74672a9-5d9c-441a-91df-f649514c97d0,particular,Steele-Baker,perfume oil,120.94
1d47ea9d-107c-46b4-bda1-7daf4deb08b0,will,Thomas Group,perfume oil,286.44
7e5f9321-2594-4b8e-bedc-1c9d34a2f591,machine,Torres-Noble,perfume oil,463.55
17a872f8-b2dd-46b1-8c0c-cedb7b8a95ed,easy,Allen-Harris,perfume,503.63
fc2ebdb6-112b-4c0d-b586-04ab3a6a83ce,bring,"Pittman, Collins and Glover",perfume,189.39
43856ca1-ebe0-47ed-a676-7a6260e4e4e3,go,Jordan and Sons,perfume,678.02
a67c5a3c-b07b-473c-8760-aa6fca73d2e3,name,"Mullins, Brooks and Reed",perfume,937.24
63d27952-228c-4968-83c2-d242756b8840,open,"Johnson, Howard and Hobbs",perfume,183.14
cf3fee69-5e45-4f2a-86dc-6dca2d40e1d1,no,Mclean-Allen,perfume,32.67
459b57af-b049-4f72-b81a-ed8d5da5e5e1,age,Johns Ltd,perfume,480.65
febfb6d8-2fe8-46fd-83c3-9304ce48bf1c,sell,Hale-Barnes,perfume,354.98
ed74129f-7699-4ad8-abf0-351c5efc655d,face,Carpenter Inc,perfume oil,272.55
a1560942-f93e-4a08-bb1d-86cfd59e90e8,catch,Hartman and Sons,perfume,976.73
2c93edfd-499e-422c-ad43-2bc007b23106,former,Powell Ltd,perfume oil,661.34
0d53f5d7-7531-441d-bcf3-899fae14dcb9,next,Hunter Inc,perfume,407.81
d8c5620c-e346-45f8-b80b-0093ee1dedfc,serve,Wolf-Erickson,perfume,766.82
0044ca88-a265-4d08-94ec-dddc34e94d3e,why,Rich-Chen,perfume,916.56
71483dc8-d18b-4f96-bed9-c3ccc3ced1a7,each,Odom Inc,perfume,68.3
1098b9e1-f48e-40e6-8754-f51ddf67e202,also,Stewart Group,perfume oil,172.05
ab5e1ea0-bb16-4724-9f9c-a3819a51a29c,exist,Nelson Group,perfume,810.9
df4a5e8b-5001-4cd0-bff5-aae44f7019c0,goal,Moore-Hubbard,perfume,970.9
866f3b15-3b02-4a3c-8791-1d441b9245a5,be,Oliver and Sons,perfume oil,655.59
d05c4dc9-9a62-4fab-9ade-497280f3c5cd,certain,Boyd-Weaver,perfume oil,113.97
cc8e0ab1-9b86-46a6-93f5-9d6031a45376,number,Blackwell Ltd,perfume,733.09
93bcf22e-8466-4551-92db-2d491001c7c5,they,Cruz Group,perfume,271.8
c776359a-7c14-45fe-91dd-9ae4e4472539,despite,"Dunn, Alvarado and Rich",perfume,239.89
a786ba6c-7b4d-4a0f-90f4-3861d618a2df,improve,Jimenez-Allen,perfume,222.39
aaa8a723-5ed4-4ef2-a3d7-240604d76fde,food,"Richards, Rivera and Bailey",perfume oil,297.41
45f39270-692b-416c-be81-dd36e488d5f3,carry,Caldwell PLC,perfume,602.73
a3bf8c0d-46b3-4d50-a588-03f5ac38b3d5,key,Rivera-Smith,perfume,391.74
965d6e8f-e635-4bd6-a0ca-cb99133a6215,dream,"Stone, Ortiz and Allen",perfume oil,598.66
662813a1-8895-4b41-8b47-b804d627a079,bank,Mcgee Inc,perfume oil,888.05
884e4dda-2e23-4261-a65d-3335443d594d,in,Cox PLC,perfume oil,655.5
93e797a7-4d4b-4bb0-ae88-a274515ae597,size,Ramsey-Woods,perfume,513.02
5ff4b428-3bf6-48f6-9c95-fd88a3a42221,fear,Thompson-Lopez,perfume oil,449.83
4992a379-81f4-468e-81ae-ef03b663e5b0,during,"Graham, Duncan and Williams",perfume,106.34
f69cb7a8-2244-4fe3-bb86-d262fa3ebfd8,pressure,Morris LLC,perfume,360.74
f6b8abfc-319c-439f-9c82-b44728bf684f,month,Taylor LLC,perfume,434.23
ace9e48a-8cef-4b90-94d2-504565789a96,down,"Crawford, Joseph and Wheeler",perfume oil,727.13
1ac53cba-a0c9-4355-a7e2-48466b434c5e,decide,Morton-Gould,perfume oil,905.16
6cff0781-b75f-4889-82b6-f847a919cb2a,method,"Compton, Mcknight and Hansen",perfume,384.05
b00ac0d3-cf9e-44d0-bd06-614ec0bac1fb,community,"Terry, Stone and Noble",perfume,24.66
8b1782f4-719b-483e-bcd8-a521ff60b8e5,and,Roberts and Sons,perfume oil,245.08
b37db323-6a17-4b0d-854d-3e90a9aa63a0,stay,Adams-Ballard,perfume,51.9
d5faa3ad-2afb-4986-befe-5f89e3e82c96,loss,Shea Ltd,perfume oil,439.95
c58fcfd5-cd56-4552-879b-80c6da80ff0d,school,Rodriguez-Smith,perfume,142.33
7973b4cb-56bf-4d58-9a5b-73480cded2f1,question,Blackwell Group,perfume oil,902.14
200f64af-7669-432c-b535-952364e6e084,pass,Jackson-Nelson,perfume,221.69
841c36e3-25cf-4199-bd7b-c4c7fd0c6cca,kid,"Henry, Good and Byrd",perfume oil,47.95
32e7a88b-974c-4132-99c5-f3610a4cee8c,model,Sawyer-Santos,perfume oil,122.69
7beab9cd-b196-4a5a-87a9-ddbd06253db4,read,Williams LLC,perfume,655.66
5f90dfcc-e4db-412c-a17f-9509c2343500,trouble,Mora-Johnson,perfume oil,129.77
7f3aa784-0d03-49a2-8dcb-5a5e78fc6bc6,management,Buckley Inc,perfume oil,103.65
f2a255c7-b896-4b37-a5e5-09473625787d,popular,Montgomery Inc,perfume,749.53
4249f89b-bb08-4dd8-a7f9-98ad84d7e3c8,task,Reid Group,perfume oil,451.96
c826e3d8-98da-4533-a308-587af79767a8,sister,"Wright, Anderson and Gordon",perfume,963.35
252fb487-61b7-4c06-be95-27517f1872ca,true,Davis-Monroe,perfume,31.91
854c2b6b-6044-42c1-acef-1bfe2077e04d,contain,"Lawson, Perez and Daniels",perfume,599.81
8db70a14-771b-419d-aa19-c4002ae4d3a5,have,Edwards-Gonzales,perfume oil,944.17
325c2dbd-659d-4013-bdbd-3a2cf4f9f96d,catch,"Lam, Campbell and Robinson",perfume,180.25
2e3b829e-228b-4de8-b4c6-419967a6addf,court,"Pham, Jackson and Cook",perfume,974.48
fd0c102c-e52e-4bf8-b2ae-ba0ca8ae5c33,reflect,"Orr, Davis and Mccarthy",perfume,84.32
c5b462b4-7652-437b-8370-dd4961daafb0,blood,Reeves PLC,perfume,71.94
cf9c1f35-257c-47f1-b989-bdda6e1296d6,present,Pruitt and Sons,perfume oil,175.23
2db10884-6606-4316-a03b-09c2ce802b30,song,Garcia Inc,perfume,826.92
4432e61d-9794-460d-9b43-16af0085d834,employee,Hahn-White,perfume oil,11.38
1e216621-37ca-49b0-9e93-9df709f711aa,center,"Hunt, Williams and White",perfume,513.63
6c16237f-d97a-4c93-9509-b72271193c7e,manager,Watson-West,perfume oil,241.24
15c0792f-fcc3-44ba-ae29-51abebc104a7,capital,"Hess, Briggs and Mcguire",perfume oil,349.13
2bcdf496-5634-4250-842c-6567f3418499,recently,Hill-Barnes,perfume,386.81
e177a7f2-3883-46ac-8b55-53a8f72d806a,network,"Davis, Wagner and Fields",perfume oil,622.6
b9239053-a827-42ad-8c91-c4d3f9bca0e1,street,Sanchez and Sons,perfume oil,859.37
9251bc13-73d3-4ca4-aca6-545b84ca532a,system,Wilson and Sons,perfume oil,782.97
6bbe3fc2-0d1e-41aa-bf5c-1517956dfb47,edge,Simpson-Wright,perfume oil,487.68
18e07126-254c-4257-a850-1c1cabe50cb8,describe,Parker LLC,perfume oil,614.94
5d064d84-0f68-4834-a0b6-caa8ed1a31e8,light,Flowers LLC,perfume oil,325.66
f63cb904-8936-4956-ae56-1791c1d4d073,figure,Morales LLC,perfume,293.14
040ad4f0-b292-458a-9123-90cc9a5327d0,campaign,Smith-Brown,perfume,74.29
ec58b287-d3d5-4674-8409-28dcbfe52acb,week,Oliver Inc,perfume oil,472.24
4ced8a79-fa0f-46e5-952f-a90c1a17b531,item,Bell Group,perfume oil,294.01
30ef49ee-b7f8-4ce6-95b8-5a15079b04d7,end,Gomez-Thompson,perfume oil,309.11
b6c328cc-9615-4c73-bc6d-c3ef38268950,herself,Bright PLC,perfume,44.2
f960c69d-0781-4b91-a1f7-e27bee3e4f9e,choose,Mitchell PLC,perfume,731.13
7e717220-5001-4de1-ae00-fd619b5cd29a,also,"Johnson, Harrington and Williams",perfume oil,308.71
9d08c8e3-dfb1-4542-b10f-c2c8fba04764,guy,Hester-Bradshaw,perfume,647.64
704896db-ec32-4717-9075-9c37079df844,theory,"Salazar, Frazier and Coffey",perfume,14.67
565e0df8-243e-4e74-8e23-3c4b86381b01,language,Davis-Garcia,perfume oil,332.57
0831b5b9-7ac8-445c-89b2-5ce3a76facd7,into,Jackson-Coleman,perfume,768.59
47f39694-d044-4123-a6c8-21a1be08e275,other,Nelson Ltd,perfume oil,289.58
8035fc07-663c-437a-b4e4-722ff2a86b35,see,"Lynch, Holmes and Gregory",perfume,811.67
fda08998-4718-4bfd-bba8-2a89e218f695,second,Campbell-Ruiz,perfume oil,565.18
f12a7e29-3bd7-4ecc-a3e4-f66b931aa85f,sister,"Reed, Robertson and Hawkins",perfume,802.81
05167e3b-9390-41dc-a087-75368ea4905c,summer,"Pace, Mathis and Miller",perfume,884.67
3c8655b4-4122-4044-abf4-a93667f0711e,suggest,Walsh and Sons,perfume oil,90.4
b2cfc916-d9ac-420d-96cc-e4441a099497,hair,Shelton-Leonard,perfume,725.91
d6e79fbe-b6f6-4149-a457-9c08a431fd18,executive,Martinez-Reid,perfume,936.22
96b68e80-3f99-47d4-a531-65d570d13177,treatment,Cook Group,perfume,439.69
6c813088-c7cc-4cff-97a5-bda25a54b3a0,use,"Fields, Rodriguez and Russo",perfume oil,365.42
5856a557-9f64-46d4-bda7-9bc05079419e,range,"Wells, Franklin and Graham",perfume,339.06
8fa9163c-57e1-4482-b08a-d0c3423d85f7,stage,"Schneider, Macias and Jones",perfume oil,141.25
89679f86-6642-4849-b242-c8540cad6fb2,power,Harding-Petersen,perfume,904.95
d888e4a6-aec2-4248-a212-248e0b144341,national,Hicks and Sons,perfume oil,405.45
35398074-c69b-4142-9de4-0c8aee84b32c,none,Fuentes PLC,perfume,887.52
3bce77e5-00b5-41a5-9497-8eaa6d5c1d0b,model,Oneal-Myers,perfume oil,290.83
36513ac0-504d-4bd4-ba31-16daa5c2ce25,less,Smith and Sons,perfume,924.86
dd3c4c51-e1d1-451d-8d0f-f9829d114b74,it,Mcneil-Morgan,perfume oil,902.73
25a90465-6ca3-4fea-bca0-09df36f2e9ff,majority,Ryan-Montgomery,perfume oil,854.84
4477e239-87ad-420e-9c3b-bd3136a5ff23,apply,Brown PLC,perfume,253.13
7b5e8953-6311-4fb0-bf5a-eb5c95185732,me,"Taylor, Miller and Frost",perfume,365.14
f157702c-0dd9-4c06-8cc3-e05a9dfe3be4,rather,"Thomas, Ellis and Shelton",perfume oil,683.44
6dd45990-c0f0-4191-a841-9da7558b4d1e,war,Brewer-Smith,perfume,389.84
90af5762-5f1e-477d-94ba-25f24a832d7c,enter,Acosta Group,perfume,46.34
fb563eb2-b6a9-4171-8214-c64455e7c980,like,Hurst Group,perfume,374.32
9b42b691-59ff-4fe3-80b3-688045566fd8,drive,Hensley-Martinez,perfume oil,585.7
f0464cf6-1bf3-4ff5-a0ab-272e48fb736c,go,Brown Ltd,perfume,468.53
eed8a5de-614d-4264-acd8-4bac9b3ca186,speech,Williams LLC,perfume,321.35
9c993e6b-b7f9-4e54-b21c-6f4671a78e41,recent,Benson-Johnson,perfume,486.25
cc9059b5-d443-45b0-811f-517d9fdea839,political,Parks-Heath,perfume,195.44
aba82e09-5915-4a4d-9c20-99634ec4a424,director,"Jacobson, Gonzales and Snyder",perfume oil,391.78
94cea3fe-c058-404f-a288-321f1918ff22,international,Bennett Ltd,perfume oil,573.86
6786ee1d-8624-4578-9a27-e7d82b52eb60,ground,"Williams, Hernandez and Maxwell",perfume oil,638.38
f66dcb43-c3c7-4af7-9c3e-4fb63524bf35,mind,"Hernandez, Villegas and Holloway",perfume oil,430.35
a18d04fd-0a53-4690-ab85-5e0eda00e0f2,natural,"Mueller, Rodriguez and Palmer",perfume,401.68
23a0f098-920b-4898-b5ec-f55fa12d3e15,by,Hamilton Inc,perfume,21.29
336a70a0-e034-4dc2-8ea4-b5a4d752cd74,true,"Ryan, Dixon and Johnston",perfume,664.55
7453b47e-f060-42aa-baeb-ea751837b154,during,Johnson and Sons,perfume,805.94
27dc3f66-35c3-46e1-a5b2-a099c9e21de8,sound,Meyer and Sons,perfume oil,675.96
1e91da62-e59e-41dd-83f4-aac56f35303b,rest,"Gray, Hess and Harrell",perfume,808.2
20928c19-821c-40af-8c34-bec4e605f3e1,sit,"Mckenzie, Ford and Rodriguez",perfume oil,587.71
486571b1-87fe-4ea2-a2f4-b4b1dd3f122a,eat,Wright-Nelson,perfume,465.7
bc20d5a7-4d2e-4a83-83a2-1eb72b465d7e,course,"White, Taylor and Hood",perfume,410.32
a17d30d4-00a1-41ba-8d07-c2f0fe2d3ef8,develop,Gilmore Ltd,perfume,416.32
d2dbdfcd-8eb7-4aae-958a-c543940a75ed,enjoy,"Rodriguez, Bradley and Morris",perfume oil,731.51
7a50b463-2cf0-48b1-93ea-6369f57df695,under,Miller-Santana,perfume oil,223.21
9bf8f808-d679-4a2a-bf84-bd93d6f69390,too,"Harris, Santiago and King",perfume oil,226.63
46586cf2-e8d1-4054-9da5-5e31a219af60,every,"Cherry, White and Banks",perfume,734.2
f863d807-9ae9-4125-9f0d-d5c2dfc9e761,those,Hoffman-Mahoney,perfume,37.86
93932cf6-78b0-4fa6-bc8c-893131b14b50,scientist,Gentry and Sons,perfume,748.51
e272be32-29ef-4dc8-a1aa-9faf861ebcae,maybe,Hood-Davis,perfume oil,482.03
49bf982f-3c15-4b50-b84c-74586d47730d,power,Sanders PLC,perfume,576.61
ad481342-0e01-48d3-bf9c-633066b26191,anything,Benson-Haynes,perfume oil,425.63
1106ba8a-d00e-4da5-852d-c049691f349f,human,Lewis-Johnson,perfume oil,577.3
3c90df28-7a18-4d5e-aee2-2686ad25e0af,available,Adams-Mendez,perfume oil,36.49
8a4ee16b-d742-4240-810e-bf6593dcd03b,their,"Peterson, Thompson and Harris",perfume oil,930.43
77e86b60-fb65-4a8c-89aa-7296d675aa41,growth,Melton-Taylor,perfume,800.09
b6b74885-b0af-4cde-9d88-28a79e9f6fe2,hope,"Conley, Butler and Vaughn",perfume oil,121.55
ab45f3b3-971c-4bed-b45b-d2d0ecce925b,really,Cruz-Taylor,perfume oil,638.0
5cd0e2c1-8542-47b5-acdb-54f5f7d338db,lawyer,Fisher-Ramirez,perfume oil,444.98
f65922ee-fedf-4949-adf7-cf8161066313,today,"Wilkerson, Duncan and Anderson",perfume,430.38
5fa0c061-e9d0-4f14-8ec7-cfb7f81a58de,site,Carter LLC,perfume,495.98
683c9638-a354-4759-8feb-6328b075462b,study,"Garza, Williams and Hall",perfume oil,307.18
574c118f-914f-41ec-89b2-7898656c3d72,director,Jones Inc,perfume,507.63
ca930ab9-3bd8-42d2-97a4-3cba80f167a2,cut,Dennis Ltd,perfume oil,748.04
30d39ec3-7f1a-483f-a613-20f032512af9,beyond,Roberts-Richmond,perfume,925.72
6e0ca861-3f25-48e4-8bb1-57c3a7bc96fe,color,Jackson LLC,perfume oil,988.92
c0642b65-ce03-4e4b-8dcb-3c19d7493e2d,smile,Davis-Smith,perfume oil,511.8
14aa656b-6ede-4b83-8ae8-7bb7449501ae,inside,Perkins Group,perfume oil,589.79
4116435a-4554-406f-9b40-4c88d9372a19,speak,Gray PLC,perfume,246.34
0f68d220-c617-4315-a750-f95263df5602,particular,"Gomez, Mitchell and Reed",perfume oil,975.06
bcf1a79a-94e5-434d-97b9-cfb6decace6d,since,Smith-Foster,perfume oil,141.47
2a601702-2b12-445c-9c70-ee75aefbf7df,brother,"Mccann, Edwards and Russell",perfume,631.99
e85403f6-174c-4432-8de5-732665217a56,strategy,Terry-Graham,perfume,195.32
b311e560-1d31-4fb6-9c3d-75be31715302,product,Wilson Inc,perfume,174.0
216ba80c-cc8d-4f25-869a-a02e31e9c201,maybe,Scott Group,perfume,222.96
004c16ec-ec89-4404-9276-ab147738fe61,letter,Abbott-Johns,perfume,270.1
5d816a5a-76cc-490a-b81c-7a742a6b6386,last,Burke-Jones,perfume oil,708.72
4b302fe4-ae67-48a1-be05-61e7fee21740,collection,Beck PLC,perfume oil,896.78
4380c55c-03e1-407f-bb54-cb9a9ac1ccc7,whose,Phillips-Freeman,perfume oil,660.68
5fd05466-4f92-4f20-adf5-49cd8f048719,vote,Baker-Pope,perfume oil,956.99
dd1f015d-dd75-4956-93f8-e54688e01e90,five,Lopez-Good,perfume,285.67
a4ae385d-cd91-43d1-bc23-155695198e7f,father,Graham and Sons,perfume oil,532.44
d8d4ddc9-b712-40a6-9015-1d72fe13b74a,level,Parsons-Davis,perfume oil,401.68
edccb5e7-0eb7-4609-a0fe-7a714e25e785,drug,Foster-Morales,perfume oil,880.3
043fca58-2faa-4ed1-b7a7-f064137b03cb,few,"Davis, Brennan and Peck",perfume oil,964.53
4282acae-49ff-4d1f-b85a-d8e4068b4d44,with,"Proctor, Anderson and Smith",perfume oil,815.74
c0ca8a6a-14ac-4dd8-b38a-bf40895cea5b,state,Webster PLC,perfume oil,725.26
42e0e485-e025-42f2-8864-635bf8a71a22,through,Knight Ltd,perfume oil,803.49
8390a35d-151e-442c-8e50-41e6b047630f,it,Shelton and Sons,perfume oil,450.07
6156884a-654f-40a1-a33c-848dfed6f106,say,"Monroe, Barnes and Hardin",perfume oil,440.75
47d12107-07a9-4a8e-9ced-319bbebaa5b0,show,Miller-Adams,perfume,658.18
cbcbe429-c27c-466f-a744-d6150b8a6f1d,science,"Deleon, Anderson and French",perfume oil,792.08
aebe51c9-56c0-4492-9731-69b7bb4b6e15,direction,Foster LLC,perfume oil,76.92
b9f9aef4-b445-4c23-8a49-7592e61f3963,measure,Walker-Torres,perfume,840.55
6320ce52-c61e-4db8-a19b-9e1c2b024e2d,reduce,Smith PLC,perfume,570.33
05630bb4-0dc3-43c0-89a8-cd0e3a1c7b10,century,"Sullivan, Morgan and Herring",perfume oil,426.4
c1b8308f-1f9f-4609-9a41-4ed4df283823,beautiful,Franklin Ltd,perfume,210.73
b08024b6-67b2-4d19-b7fd-9c3476e529e7,number,Lopez-Huff,perfume,778.79
47afb595-3814-4a69-ba02-ae45030631d6,possible,Evans-Gilmore,perfume oil,350.9
39b332d0-381a-4c31-9afd-9978de2dc705,prove,Webster-Reeves,perfume,616.4
194716d9-6658-45f4-ae19-acf4f883bedb,recent,Terry-Jones,perfume oil,551.31
6613b3da-90ad-43ad-96db-61178b421155,huge,"Abbott, Wilson and Turner",perfume oil,381.59
387cd4b4-4d95-4a29-9d6f-1578e8ffbaf7,customer,Harrison and Sons,perfume oil,480.6
8bb48499-68b1-42cf-9b8f-8fcbcba4cebc,car,Mckee-Caldwell,perfume oil,920.94
86cda1c9-7434-4b58-bff0-96c74acd7f95,again,Ruiz-Wells,perfume oil,73.68
e75f06f8-8cdc-4f4b-84ec-58a852ed666b,religious,Smith-Coleman,perfume oil,272.64
74094096-a9e5-4b54-9182-2cf790a729d8,every,"Trujillo, Allen and Baker",perfume oil,879.33
5a4fd17f-7fea-48d2-9abf-443d615d27ae,executive,"Espinoza, Henry and Alvarado",perfume,237.04
f947c2ed-98a1-4e50-bd1f-8684759cd1fa,probably,"Cardenas, Ballard and Calhoun",perfume oil,825.49
74a51c14-49f6-48a0-b83d-d121006e9ba8,trip,Garcia-Martin,perfume oil,817.92
0d200364-a876-431f-b196-108b1ed84fc3,federal,Fisher-Smith,perfume,355.58
a2b11346-2ccd-4ef2-975f-9ef25ba3bfce,response,Murphy-Brown,perfume oil,123.48
2b2f9cea-be49-47a1-8bf5-378e83aabb4d,site,"Williams, Chen and Wong",perfume,413.66
ddc2418d-26f5-495a-92d6-9f22786f03c1,degree,Vargas-Sanchez,perfume oil,951.81
0dccc166-72d9-41c1-b63d-41d031ede146,poor,Morris-Bell,perfume,533.71
ba2ced77-92ca-4bba-a3b2-022fb62688be,source,Estrada-Fernandez,perfume,425.66
5c16e8fa-d7a3-401d-8afb-0e83cc427bae,material,"Bryan, Lopez and Clarke",perfume,71.72
8b7a98b7-0f20-4e5a-9acf-6ff2fafc19a3,across,Evans and Sons,perfume,35.54
15a9cd0f-189a-45a9-b2bb-808f7a6cd1c6,moment,Lang-Arellano,perfume,236.6
69a7bf93-15c5-41db-9e5c-efbaaaa28c05,family,Dixon Ltd,perfume oil,754.0
0a3b0bd9-cd87-4753-8baf-12fc788ab8b1,agency,"Davis, Morton and Huynh",perfume oil,669.99
9f757e1a-0783-4eab-8f74-c2db0c285eb4,city,Berry LLC,perfume oil,642.73
60962282-712f-4821-8896-6c9e720095f3,art,Kelly Group,perfume,309.77
793dee1f-7e3d-421f-a1c0-bea41226fdf1,like,"Davidson, White and Cunningham",perfume oil,462.96
2c128e86-167f-46ee-986a-538e89e7de67,rate,Riddle Inc,perfume,195.63
be8a298e-4cbb-408a-8606-47bed776c313,leader,"Colon, Smith and Garcia",perfume,692.74
f0dabecc-605b-42a0-a410-0b8911889270,interview,Singh PLC,perfume oil,103.5
8e88f71f-e2e9-4897-b61d-146f993a3d1c,short,Martinez-Gross,perfume,952.26
bd01d634-1a89-41d8-acec-71da473173a7,day,Valdez LLC,perfume oil,177.93
b859d126-d1c2-4c3b-bc0d-fc0ffd065fd5,door,Johnson-Pierce,perfume oil,152.96
531ed5fc-9ec0-495c-9bb7-18ce1aba0cba,democratic,"Moore, Thomas and Walker",perfume,563.16
7793150d-b887-48f1-8bd9-6060b6ef6b97,military,Esparza-Perez,perfume,586.4
55f991b3-5dc7-4745-a29c-47f4d5ba430e,among,Johnson Inc,perfume,976.53
a53aecae-967c-4a0b-b57c-ac837b7bf425,billion,"Lang, Benson and Rodriguez",perfume,535.16
523d6da1-7cf0-4a65-a718-fa966dcf919d,debate,"Juarez, Turner and Tucker",perfume,522.64
757d3362-a4ca-4eb8-8221-4b2bed0b20fa,off,Meadows PLC,perfume,100.93
07206fc5-78c2-4687-b64e-d56a4a1f96af,fire,"Frazier, Marsh and Smith",perfume,65.01
ed0bc971-d934-4aa0-a328-71a7c8122b99,religious,Johnson Ltd,perfume,329.33
44d5c3ee-b106-43d8-ad73-397c9dd1c1e4,offer,Carlson Group,perfume oil,31.31
2660c3a3-0145-4781-a560-1bba895397cc,all,Wheeler-Crawford,perfume,398.65
79ce0335-fe2f-48ad-b199-f6728f7b1a88,join,"Calderon, Holmes and Mclean",perfume oil,904.59
21af0bc3-d483-47e2-bce5-26191d7d5d88,what,Reed-Lopez,perfume oil,727.89
1ab678d0-cbe0-4081-ba04-7f7fb80c0b89,clearly,Baker and Sons,perfume,899.81
b6a61f8f-893a-42bc-a56c-5c14f02af397,him,"Kim, Hernandez and Craig",perfume,278.29
a150115b-f116-48fe-9680-56aad041df61,campaign,Walters-Alvarez,perfume oil,958.97
35fd5170-f218-4546-b26f-f68c7d22c37a,recently,Taylor-Beltran,perfume oil,568.35
0c443ea7-a917-4f0f-a375-d6637bbb2b12,member,York-Gamble,perfume,565.41
8853a48b-e690-460b-8fb3-9a19e3ac6c66,born,"Armstrong, Douglas and Campos",perfume oil,223.62
e4aeb140-2ea1-4264-9cc1-6a40822a893d,play,Fernandez-Walker,perfume,391.71
3adbff1f-94ea-49de-b5b9-0923242c2db1,your,"Mullen, Anderson and Johnson",perfume,425.19
8d6dfa13-2448-45e4-8bf0-3849adfc9885,on,Diaz-West,perfume,595.4
49aac201-2214-41ef-89cf-f3b783cc7904,wall,Andersen-Ford,perfume oil,383.45
1beaad19-88ec-4e79-9f5c-cc94a678745a,read,"Hatfield, Davis and Anderson",perfume oil,63.49
069e0108-0f46-461f-8ced-55155b1f7186,would,Hawkins LLC,perfume oil,239.73
c132523c-a945-4a5d-afc5-2cd88451410e,rich,Miller-Cline,perfume oil,788.48
5ee0df36-b464-4798-8be8-561b9de14d59,appear,Thomas Inc,perfume oil,460.75
302270b0-1690-4ac0-8d16-9082b82e9bbe,green,"Welch, Brown and Ortiz",perfume oil,598.64
afc43209-f24f-4a66-9d2c-95dec8ec0a04,collection,Smith Group,perfume oil,170.68
db8d915b-b981-43e8-b35a-852549f0610a,let,"Frederick, Lloyd and Morgan",perfume oil,103.39
c3be00a7-dd23-48bc-9f51-ac3737f2117d,pretty,Walker Inc,perfume oil,425.05
61063621-7264-4314-92e4-730274aa001c,enjoy,Macias-Murphy,perfume,508.43
f251630c-f2f1-45e0-b38f-5aa24b387e0c,official,Castro Ltd,perfume oil,208.87
eb664f25-bcd4-4d72-a32a-bea77789e7d6,push,"Stout, Garcia and Thompson",perfume,613.1
1e5f42a6-c03d-4bb2-b897-c8a82846e6b2,half,Johnson-Lambert,perfume,289.72
839999d3-d6e0-4783-8d94-b22ec656bcca,hour,Murray-Hernandez,perfume,507.69
95d0c991-a41a-4060-9b69-e5eb30f4bf64,message,"Garcia, Morris and Price",perfume oil,384.71
9bac55df-9ade-4e11-90f1-a37e61a8bb22,decade,Green-Hayes,perfume oil,75.38
066eebaa-4f21-4192-aff3-992d20ed4fa4,people,"Mcgrath, Price and Espinoza",perfume oil,260.91
079c13bd-4503-4b9a-84ef-50505e94c221,keep,Gardner and Sons,perfume oil,742.88
70cb5a14-e4b2-4938-9998-7bf84d665067,sing,Petersen LLC,perfume,76.87
c8b2faa0-0c67-413a-b513-9fd0d7b06e3f,decade,"Kelly, Moore and Johnson",perfume oil,773.38
3a8b0bdb-e641-42b1-8a57-9ad6bf902a0f,scientist,Hickman LLC,perfume oil,372.7
9614267b-48cb-404b-8c4a-833812ff4bc3,coach,Coleman PLC,perfume oil,924.53
07172390-4262-453e-9b4a-c742f7be54ea,class,"Lopez, Moore and Lucas",perfume oil,365.16
767ccec8-9ccc-4210-91d5-05aa23373ff3,study,"Morales, Stone and King",perfume oil,493.99
250853de-759c-4cc9-b37c-3b17821b2c28,hear,Figueroa-Sanford,perfume oil,475.76
5dda5b74-ab10-4657-9ead-690eaa01e4f3,including,Taylor-Taylor,perfume,532.78
188c9833-bcc0-43d6-b0a0-ad214a620842,travel,Andrade-Fernandez,perfume oil,968.77
3fe481a6-0a1e-4e5b-9eab-562abd78c42a,back,Tate-Smith,perfume oil,112.78
b7276701-4049-4d0c-af85-920abbdfe2d7,tonight,"Steele, Gray and Wright",perfume,322.39
e0ea99c1-e749-4495-90a3-b84dbb85fb51,enough,Castillo Inc,perfume,528.46
75b60468-ca23-4008-9987-763eb269ac9c,run,Reynolds-Drake,perfume oil,560.76
b5c5e753-9e06-4729-9532-a126c8d621c9,former,"King, Green and Christian",perfume oil,203.64
9a044995-0603-4097-a613-64bc59fd9ee0,exist,Williams Ltd,perfume,794.55
17cf770a-fcc5-44a2-bda4-04a93655975d,debate,Zimmerman-Gonzalez,perfume oil,966.92
0580cce4-a994-4ca6-bdf9-956e154f346e,so,Gray-Young,perfume oil,950.53
b222b0d8-0d93-423f-afa3-86c311c341a7,interview,"Villanueva, Ramos and Hurst",perfume oil,744.64
cca4c891-9525-4b42-8af4-340648ab9160,model,Hernandez and Sons,perfume oil,900.4
2ebfbb48-8ab9-45da-9899-67961d9c6862,spend,Barnes Ltd,perfume,823.02
40b6a621-6a74-41fc-8577-4de007b3accb,class,Nelson Group,perfume,988.6
d659d00e-f8ef-4291-bded-33ebbb62d283,culture,Nguyen Group,perfume,290.96
fa5c9f42-27b4-4c83-8dd5-b1c67ed1f355,while,Walton-King,perfume oil,461.02
3ae103a8-368e-44ec-b700-a70191eb9a1f,lose,Reynolds LLC,perfume oil,262.78
8c4b350b-d686-42ba-b20d-0376a1b0ea80,nor,Mccann and Sons,perfume,454.6
f87f53c4-236c-46e2-98b9-ab2231e62758,term,Lee-Nielsen,perfume,244.67
58d2aef9-603f-4d99-ba40-7ee7bcbf20b8,actually,"Carter, Brandt and Thomas",perfume,806.54
9e063f87-d8de-47e7-a5a0-b51633dd4325,chance,"Jones, Salinas and Munoz",perfume,881.49
fb24af3a-6898-4e4c-9ab0-a67e268d7ab9,simple,Simpson Ltd,perfume,337.6
10bf933c-2a64-4e34-93d1-c903ed2b56cb,if,"Cole, Wiggins and Johnson",perfume oil,914.69
050e78b2-97fc-4921-80f1-9abdbc92bd0e,speech,"Gibson, Vaughan and Grant",perfume oil,840.45
f90dada2-4966-4b85-9115-957480e9db29,big,"Brock, Johnson and Navarro",perfume oil,639.59
75b1b296-e420-4ad9-9d7e-4a3e3d46626c,minute,"Clark, Kidd and Thomas",perfume,655.93
0551a08d-9a45-48ce-8c0d-99648af3274b,history,Parks-Christensen,perfume,915.91
6fcb06dd-9fb2-47e3-9ee4-55866edd07f8,class,Freeman-Crawford,perfume,251.27
2a2e27b1-8ac8-4a54-9a56-7bc8ce5b6b15,among,Salazar Ltd,perfume,125.92
50708846-2a9b-4187-8366-6d63073c6b43,part,"Jones, Webb and Serrano",perfume,925.59
7a764c6d-9d48-47c5-9fa2-1f5c9b5e7b9a,Mr,"Hayes, Harris and Norris",perfume oil,384.3
6e5c8ac1-54a7-4e51-9cf9-c81842374126,customer,Bailey-Gallagher,perfume,675.15
2ec48fa5-b6b1-44ff-a6b6-19adb25d5e3d,again,Golden-Taylor,perfume,818.87
784da628-09cf-444c-a244-11bebcdc0d0f,nice,Powell-Griffith,perfume,295.82
bca2cb43-ab32-45ac-88e2-82d2f16b0e8f,remember,Mcconnell and Sons,perfume,989.39
e8f7ee87-6c2c-42bf-ac4f-61cc3c471c3a,government,"Davis, Walters and Bryant",perfume oil,399.34
4fa75f2e-e6c2-41b5-aa2d-5176008bc5b1,stay,"Sampson, Krause and Russell",perfume oil,85.74
765a5e36-b95c-4682-8c5e-a41633cc968e,country,Blair Inc,perfume oil,464.27
f7c656e9-a2dc-485a-9cd9-7b7701c1b654,dark,Miller-Bailey,perfume oil,960.38
b01e474e-4abf-46da-ad42-57a367140f80,fly,Thompson Group,perfume oil,846.34
45e1975c-4da2-4b80-95e8-7c3b9ed9969f,continue,"Brown, Schmidt and Klein",perfume,721.85
fa5613ae-10a2-4572-9977-8eb9ab3242b6,memory,Hughes-Fisher,perfume,391.32
c9dbd880-f148-4adb-9e7f-1aa9c4156ae4,everything,Rogers and Sons,perfume oil,404.73
db94558c-e731-4472-9e46-c64934e0cb8f,range,Adams Inc,perfume,405.38
b2496090-9d03-42da-a88c-3f3e44966638,he,"Munoz, Long and Lowery",perfume,252.29
5e9a319c-9b47-48b4-9708-d349cd9d155d,century,Perez-Velez,perfume,203.32
c3c62ce2-bda7-4d3a-85b5-fac774c015e9,sit,Alvarez-Mclean,perfume,982.99
6bdba722-1774-4605-9e7b-e72ee38e6175,suggest,Woods-Lee,perfume,214.88
e785d913-fe9d-49af-bcf7-c9f6adee94ec,security,Scott Inc,perfume oil,302.23
2840acd5-90d5-4e8f-8338-e94a92b4321c,why,Zamora-Hammond,perfume,160.44
b0080f8e-1a21-4ca5-86ae-f9e6433001e3,security,Gibbs-Rasmussen,perfume,586.55
b3c915f7-d398-473b-a41e-4551849131b7,stay,Gutierrez-Gomez,perfume,79.58
eda88e58-efa7-42a7-98e0-f629fb565e69,protect,"Young, Evans and Hall",perfume,406.68
700a834d-54c1-469a-8887-f7b3273fca2b,example,"Taylor, Hartman and Kelley",perfume oil,968.52
724fdea5-0046-4f11-931e-5fccc5f35583,four,Hill-Wilson,perfume,282.04
5f0da838-f1c2-48b8-9847-59b143a5ebff,but,"Ford, White and Peterson",perfume,585.11
b228eade-429a-4d48-8896-ec76999cc5f0,call,Simpson Inc,perfume oil,304.8
c270a81d-6c35-43c3-abf9-88ade6a40b44,run,Pierce-Novak,perfume oil,737.57
297d2a02-11f1-413e-9de1-52a6399b794d,explain,Warren and Sons,perfume oil,899.58
406874aa-c22a-48b3-93b9-a82737f8e876,sister,Smith-Schroeder,perfume,589.26
99b70f6a-c732-412e-ba8a-ea4bdb9828c6,able,"Williams, May and Rogers",perfume,160.04
961d7162-5a55-44e1-897f-c3cd50d34266,father,Fox-Ortiz,perfume,808.27
129208fd-6268-47f9-8c1d-bfc7fea33e39,wear,"Rodriguez, Gonzales and Murphy",perfume oil,530.34
80a09514-71f7-4db9-82cc-e4782d91b1b3,new,"Barton, Wade and Ford",perfume,648.42
b78cd005-a458-44ad-9667-d91c0c3d20d4,guy,Baird Ltd,perfume oil,574.05
484892a3-9406-48d0-afe3-49c3a33c58c4,view,Williams-Harris,perfume,562.16
1136bd9b-0376-4d32-843c-664dbf0e3bf1,but,Roman and Sons,perfume,378.69
f1fcab32-e4f8-4e83-bb66-f5026243ee8b,support,"Jones, Lee and Byrd",perfume oil,195.2
c53b9250-e15d-427f-8843-7cb5458ef9bc,than,Nelson-Mills,perfume oil,635.1
98f1a07a-dcbd-4c14-b39c-ed94bf52de37,compare,"Johnson, Adams and Stark",perfume,109.81
f194609e-9977-4d60-9d3d-9ba75135b2ef,idea,Jackson and Sons,perfume oil,367.94
75797b4c-de46-4a27-b025-48c86fe1c6c4,structure,Rose Group,perfume,74.11
7ea3da98-e510-4186-bd8d-b09c96da4caa,young,"Coleman, Yang and Washington",perfume,188.49
c565dd62-5690-493c-8f40-5b18d3b4cd9c,agreement,Hamilton PLC,perfume,41.67
14687693-9c4f-44cd-91a2-3ef6686caae3,result,"Proctor, Mueller and Bell",perfume oil,376.58
0eddb825-1843-4f24-b3e8-7afb7c8b1410,maybe,Stevens-Graves,perfume oil,950.4
53aedfcd-16e0-48ac-8104-0a1c667881f9,land,"Dixon, Hancock and Taylor",perfume oil,504.02
41be3baf-9af2-45bd-bb12-015f50802b56,customer,Williams-Blevins,perfume,667.65
e194cfba-c8bf-4d8d-a01e-ac18e2ae182b,right,Smith PLC,perfume oil,97.47
15b0ffbf-8576-411d-bff7-7260dcb881fc,series,Sloan-Banks,perfume,554.9
5244798e-87dd-4570-8c98-e9b112d0b270,big,"Johnson, Hunter and Russell",perfume oil,994.09
92a49ec8-837b-4748-a2d4-4edd80edb301,may,Dominguez-Johnson,perfume oil,633.24
abc036c9-52fe-4004-91cc-09b105f4f4a2,part,"Wilson, Jacobs and Mclaughlin",perfume oil,739.57
9dfa829b-6547-40c0-858d-ba1d09c90603,east,Liu Group,perfume,104.86
de7a89a3-69a2-4e8d-9e38-1b69a3010a38,middle,Wallace LLC,perfume oil,535.47
b1faf6cb-5f56-4b4f-a5bc-e27e523a021b,bring,Ward and Sons,perfume oil,406.11
e3ae8c99-6620-477e-b2f3-0bd259371d92,degree,"Kerr, Rodriguez and Freeman",perfume oil,84.51
411723b1-47e1-469a-9ec9-7603fdb682f0,kitchen,Evans LLC,perfume,427.77
71c584ac-f24d-43ce-a20a-2e4f66759c09,attorney,Leonard-Franklin,perfume oil,848.99
88c1f7e7-dd0d-4a1c-b4c3-298b31746bfb,partner,Ramirez-Lopez,perfume oil,854.3
71ff7417-5b2a-4f7e-acce-fb26867ffc9d,prove,Gallegos-Dixon,perfume oil,194.43
ae23caee-f1b2-47b8-b434-6479c53915a1,inside,Jones-Levine,perfume oil,208.9
f0c95ea2-f087-4a6e-8327-9d5bd2e40414,story,"Doyle, Washington and Warren",perfume,840.47
071959fa-ead6-44d5-b80f-d0c1ae6dac1a,government,Garcia-Jones,perfume,166.07
4e63ee2d-f0b6-4b26-8be2-e0a6fe479262,play,Ray-Santos,perfume,825.22
b6b83498-ebd7-4183-98bf-ecb22ec4f6c2,financial,"Johnson, Thompson and Roy",perfume,311.93
06587786-8856-42f2-837b-91a8fa6bfbd9,learn,Wilkins-Gibson,perfume oil,252.3
87b997c3-a57f-4243-807d-b2ea692e5562,choice,"Wheeler, Bailey and Henderson",perfume,926.85
6ec2c66c-4098-4f74-9617-2b28c1ad2947,course,Odonnell-Roberts,perfume oil,286.54
171a4e4d-8d77-4c47-a443-a7fc5db6674e,remain,Hall-Frost,perfume oil,278.05
e8086415-4724-491e-acdd-d09e997596cf,either,Parrish-Mooney,perfume oil,541.26
a4e2bf40-fe56-468d-8387-25e3adeb1d73,everybody,Oneill Inc,perfume,149.09
c8afeba7-8952-45de-b0e4-8e6bae7a984d,number,Phelps-Cross,perfume oil,188.11
18fc760c-0272-4318-b321-561843548bf9,development,"Thomas, Richardson and Mason",perfume oil,135.29
c8e2a40a-72ab-4054-be58-9298e7e9b1b7,market,Johnson-Martinez,perfume oil,266.89
59489de0-3ae7-4ee8-9a73-a2d066e1701d,media,"Gonzalez, Johnson and Stevens",perfume,831.84
9460ad19-a7c2-42f6-a189-10991366b81b,coach,Richards and Sons,perfume,212.88
8cba4111-29a3-47fa-8774-204b9c7195cc,believe,Murphy LLC,perfume,388.55
546da0c6-40ce-494d-a4af-00755622549f,wrong,"Bailey, Cooper and Williams",perfume,915.18
a7cbc038-00bd-44f8-9a62-09cc6907b352,trial,Diaz Ltd,perfume oil,63.19
af9cb967-cfa2-450e-8595-368cb8d94783,once,"Pennington, Mccann and Bennett",perfume oil,282.33
1b82d3d6-6ab8-482c-958a-89069ed84917,smile,Vega-Richards,perfume oil,689.36
c96d77c8-d3d2-4aeb-a063-959a4c965f2e,wonder,Robinson PLC,perfume,547.89
31ce1b04-21e3-4e2b-800b-191e61d492d5,couple,Sanders Ltd,perfume,131.41
e359d1db-6c4d-4e7b-b70b-c33f50c624b1,will,Ford-Clark,perfume oil,595.2
741ccb61-00cb-4774-8115-a15d1cdca812,kind,Jordan-Rodriguez,perfume oil,167.15
c7c0947c-d23c-41fd-873d-aad5901501e6,if,Wilson PLC,perfume,202.96
d5274ecb-d47f-41a7-9789-4609a21af9e6,mission,"Hunt, Clark and Bauer",perfume,530.95
e8453622-e713-4c79-bb97-ad2b1ebd5f38,medical,Gentry-Day,perfume,390.51
402fc40b-af67-46d2-9e9d-7587daf32118,morning,Peterson-Lynch,perfume oil,588.36
de9cbdc1-b834-43a3-8883-cd414db745c7,worker,Hill-Castro,perfume,75.0
50f91df7-a6e6-48f7-bd74-5703a5af821d,never,Baker-Barrett,perfume,343.75
961197e7-b045-4b33-aab4-bb39ecf61677,staff,Daugherty PLC,perfume,358.71
4f0049f2-a5bd-412d-868a-4a5a5a322642,require,Clark-Martinez,perfume,942.46
af4e8080-4855-47a3-ab08-07b18845f8df,here,"Carter, Moore and Gray",perfume,756.09
54ba6f45-bcff-4a56-aa6b-7b1a3901bbae,success,Jones Ltd,perfume,791.69
e0bec764-64e5-4cea-b7a8-a84bfbbd05e9,indeed,Martinez-Butler,perfume oil,313.23
dace35ce-6098-4243-92ec-90c7c54df96d,crime,Jimenez LLC,perfume oil,49.43
78ce20fa-6bf8-4841-a15d-e12848cef7f9,short,"Morrow, Hall and Shelton",perfume oil,283.69
44312208-c491-4dfb-bb14-c1cf9d61c3ba,paper,Brown LLC,perfume oil,428.11
cde8c092-e15a-4103-889c-d27353d1d520,wind,Houston-Allen,perfume,66.7
8da93bc9-9f39-432a-abd4-bc95c53ddc65,improve,Bentley and Sons,perfume oil,870.51
fd40841b-5b95-4bc6-b5f9-fcf498a3f6f7,option,Fisher-Stevens,perfume oil,179.09
1949c252-e559-4345-9a69-a5a7f9041ca1,senior,Miller-Lewis,perfume,563.51
a974bb73-3b7f-43f8-8661-c1d70f35ca5e,high,"Thompson, Porter and Garcia",perfume oil,99.84
34a5a0cd-cab1-45fb-9b5b-92ce6b959479,important,"Williams, Hancock and Diaz",perfume oil,882.29
e58c7b58-fb5a-4857-b078-df072aa2b68e,many,Velasquez-Yoder,perfume,535.72
465a6868-8fa7-4984-b39a-b1bfc6bac31c,minute,"Hensley, Jenkins and Morris",perfume oil,76.33
e2a9a3de-e169-4f42-933f-9b7708ad3703,culture,Brown LLC,perfume,175.82
5fedb700-0673-45c3-ac26-6de6d9675eed,for,"Jackson, Nelson and Jackson",perfume,658.97
e31975ae-a6a1-40d8-87e6-47be235925c4,eye,Hoffman PLC,perfume oil,431.09
ed2fa906-3ca1-4994-88e1-26222a9e1f65,just,Moses-Benjamin,perfume,534.32
599374b4-14a0-4907-8cb0-1157a1a31035,push,Day-Avila,perfume,670.34
a21655ed-f41a-439b-bb8f-dad4ccdd2aa7,would,Andrews-Garcia,perfume,450.25
d2b00bc1-e257-4c74-b59e-aae89ff7986c,look,Campbell-Hahn,perfume,535.49
4c85d12a-cd25-4b1c-8645-a5e121405806,usually,"Campbell, Combs and White",perfume,176.84
e1f5d4d5-2420-4284-b600-13787fb32517,product,Scott-Vang,perfume oil,645.36
f43c0e39-de4c-4e6e-9ad1-56df28f54557,meeting,Bush-Harper,perfume oil,335.15
97c642f8-3630-4416-ae4f-ed3eb25f3e69,perhaps,Rose Inc,perfume oil,385.44
f0fd9a3d-b699-4e8a-ab20-982e59b92f2a,understand,Brock-Boyd,perfume,137.51
330d3f17-4a68-45c3-b337-aab7f5fc6bab,cold,Franco Group,perfume,191.92
b055dc27-e4ac-44b8-a593-b7893844dd06,center,"Garcia, Thomas and Green",perfume oil,89.34
438213f2-945f-48d0-a527-31a3ad7a2cd3,your,Mcintosh-Cole,perfume oil,352.24
65ba4076-f040-47f0-a447-6774e1a87246,most,"Young, Sanchez and Walters",perfume oil,459.38
71fd7c71-a693-49f1-a4da-8dc92f04e6ce,you,Bates Ltd,perfume,758.78
7cb5efbf-9eaf-4a90-b683-27728da02435,remain,"Wolfe, Coleman and Smith",perfume oil,797.24
97a2515d-70c6-4e71-862f-34623a516a21,free,Erickson-Phillips,perfume oil,695.91
245dfbf9-0fb0-46f4-a5b9-f145ffb3a0f9,newspaper,Lowery and Sons,perfume,637.12
7f723ba7-6afa-4427-9c9d-1479da23af8b,treat,"Anderson, Arnold and Mercer",perfume oil,365.52
96b1026a-3c1b-433d-80c9-2b6f1fc8dc60,modern,Hooper and Sons,perfume,767.34
a242b33e-a66a-4d17-9faf-d27878397e77,guy,Edwards PLC,perfume oil,265.55
d7aafaa6-f10c-4d73-a76a-e195e4fdb45d,later,Brown LLC,perfume,931.03
0dd32f68-2ce7-46c5-a367-833df081f124,line,Smith-Alvarado,perfume,282.23
b8d1bc1a-99bd-4414-8854-2d2724482fe8,blue,Whitney-Jenkins,perfume,749.65
17f37431-ae0b-480c-8ba2-d313d2221245,respond,Burns PLC,perfume,818.47
0410146a-e7ea-4498-9848-36249ddb77db,ever,Lee and Sons,perfume,170.94
eb19c511-85c7-4ef7-bfbb-9d375a524aa7,less,Glenn LLC,perfume,615.5
84ed103c-25d1-44e0-acca-f6149ff4effa,want,Dorsey-Wilson,perfume oil,768.95
e2627ef5-e335-4d57-bbf8-74810a4f8e46,meet,"Moss, Cruz and Stevenson",perfume oil,302.59
c31b8d80-000e-4eaf-959d-1f6a43933c32,together,Neal Group,perfume,899.87
d3808958-bd11-44ed-94d6-4611917143d6,just,Wilson-Alexander,perfume oil,301.52
41d64277-cd59-487b-8a10-ee38f068cade,protect,Le Inc,perfume,491.86
10d0462b-b61d-4dba-859a-a760adfe1815,alone,Welch-Maynard,perfume,340.96
4af7adfe-0fd3-4223-b580-0511284115b8,top,Sheppard Inc,perfume,721.43
336c8354-5024-4a0b-ba35-869e57a03a2e,best,Ross Ltd,perfume,807.64
327d51cf-fc9c-472d-a598-264bc952037c,enjoy,"Sullivan, Rogers and Harris",perfume oil,880.56
eff99786-f5ce-4155-88b8-f61bdd0364e6,ball,"Pearson, Cole and Lee",perfume oil,909.74
e6b45d93-8fe1-427d-bc97-b0a0d9e9fff8,manager,Anderson-Harrell,perfume,376.82
7f6d163b-e423-44f6-ad28-cef37a88da21,section,Newton-Gamble,perfume,847.42
05444c95-082d-4093-ba01-4c114a1c533d,start,"Russell, Ortiz and Lee",perfume,389.02
c919d2c7-052f-41f2-9359-4f8d27361421,interest,"Tyler, Rollins and Wiggins",perfume oil,922.61
149041d6-1d2b-41a2-8c2b-41bd82c72370,dream,Oliver Inc,perfume,581.81
071cdfb6-a499-4198-aaf7-57fa2b4d1eb9,protect,"Thomas, Richmond and Bennett",perfume,390.15
39cb6052-4bcf-47c1-9259-c167a853788a,worry,Hodge Ltd,perfume oil,158.39
65d32038-a848-4ea4-9e00-d46a66014487,mother,"Mullins, Gonzales and Evans",perfume oil,468.45
09c10e3c-7214-4e2a-acd7-f515ebf23bd6,family,"Pena, Shannon and Lee",perfume oil,735.62
a75f371c-c1ae-45c3-8145-8cee64f8a6c5,check,"Sanders, Woods and Rodriguez",perfume,324.94
89bebdc6-2f13-463b-82a9-7c147be9a400,between,Evans Ltd,perfume,627.15
3b6b6d3a-b894-49a0-9576-6b1c4588fd4a,TV,"Banks, Sanchez and Campbell",perfume oil,779.05
d2b5e9dd-c11b-42b5-8d64-ad5e4d1c274e,good,"Chambers, Smith and Cross",perfume oil,281.6
9dccdf18-423e-4376-b8ef-9f0883c8df3a,physical,"Mendoza, Sanchez and White",perfume,643.15
0111366c-0a4b-4c99-b8c9-ae8d482fcf36,out,"Lee, Reyes and Parker",perfume,77.03
4e422176-b8be-4c83-9108-91cb7db3f3a6,adult,"Murphy, Harmon and Herrera",perfume,503.24
2d86c227-9cc2-4421-80a5-c20c51c2480a,machine,"Green, Bradshaw and Miller",perfume,669.25
0674b74f-2d27-48bc-9e19-1b6265eeeea9,last,Owens and Sons,perfume oil,40.89
9c33ceba-e1c4-4a98-90b1-fb7d4f696bae,manage,Schneider LLC,perfume oil,503.2
5da9f9b7-b497-45de-b179-9cb5e79370cd,before,Brown PLC,perfume,842.57
06b0f4a6-0c2f-4e4c-8517-ad3845655c4a,tax,"Phillips, Murray and Hall",perfume oil,970.63
e55d8e68-7813-4889-9423-b2762b2e6b0e,indeed,"Jenkins, Stewart and Johnson",perfume oil,908.16
86bb8ab9-7459-44df-8348-35dae5a969af,film,Kelly-Grant,perfume,258.8
4f48e219-a955-4dc6-bd72-5a2190b84fcc,begin,Thompson LLC,perfume oil,943.69
d4545d06-5912-4dba-afca-7768d393d185,doctor,Owens-Perry,perfume,508.27
7230e88b-3908-40b8-b2ae-8d11ddafc4b8,key,"Smith, Rodriguez and Robles",perfume,110.53
58c6fb90-f1f1-4ed7-a591-589349227e2f,forward,Mathis-Pearson,perfume,34.23
b5308889-adea-4d68-a743-6cc876431201,never,"Austin, Chandler and Cruz",perfume,271.3
684b8485-2cdc-4b93-a7de-c7f44925db47,quality,Rodriguez Inc,perfume oil,569.26
bb91aa68-5cc8-40d2-a727-579f55e4d727,myself,Harris PLC,perfume,275.75
b8444e94-13ee-4934-a4c3-b90b1047719f,generation,"Nelson, Green and Gay",perfume,575.61
46de5cf6-4b37-4d23-8b59-b3080b34ba30,me,Lawrence-Young,perfume,192.86
143cf7a7-ea6b-4503-92f9-8088009c23ea,image,Weber Ltd,perfume oil,108.72
8890f124-5f25-458d-969d-75142481b163,back,"Buchanan, Gonzalez and Garcia",perfume oil,713.3
c6ad6be7-82d4-481f-afc7-4b948efc2080,simply,"Hunter, Miller and Martin",perfume,552.77
ed99fd4d-f518-485c-8014-3d18d68b0813,across,"Griffin, Jones and Shepherd",perfume,540.73
94de937d-d822-471a-a138-4bdf144b469b,red,"Smith, Calderon and Hernandez",perfume,119.12
cf88ba71-0a16-436c-bf85-4d07ba8af621,east,Clayton-Diaz,perfume,339.96
2499b89e-0051-4b82-beda-b937fe4d77be,cell,Cooper-Lane,perfume,908.33
0d87e539-dc53-43c0-b9b4-7776ac6b67eb,where,Riley-Lewis,perfume,210.13
2e803294-d481-4bc4-b376-73d41bf0ad3c,agreement,Miles Inc,perfume,890.35
c5b2f533-cfc0-401b-92fb-d394117cdc10,down,Perez Ltd,perfume,970.91
8ed304db-711a-4ae1-abc2-bc625fc14f7d,condition,Wolf-Perry,perfume,310.69
2370d5f6-a03b-40c8-bb6b-303e4d353a8f,deal,Gregory and Sons,perfume oil,50.14
3bbb93b2-53f6-4a3d-9e0a-9f03756bf294,student,"Carr, Robinson and Johnson",perfume oil,935.33
d1c4ac91-1f01-4cd7-80b9-60c219ed91c5,one,Hamilton-Romero,perfume oil,98.89
36e0164f-d48b-438e-86d5-c28e2862332b,risk,"Benson, Smith and Harris",perfume,208.65
4b854a05-c5a9-4b4f-b581-8e97159039cc,college,Simmons-Nguyen,perfume oil,806.79
062ee397-1164-4434-a1d5-755716315fe3,response,Carter LLC,perfume oil,398.11
977f5c4e-b1b2-4b14-a760-7c5c3fe3eb1b,majority,Schroeder Inc,perfume,215.41
391149dd-ebf6-4121-9907-f411895ed18d,want,Owens-Gonzalez,perfume oil,830.54
36485383-64c3-4e0e-8eff-e4e8221132b9,happen,Lee PLC,perfume oil,837.15
614317e5-ef54-4a1d-82d4-9d375ce6cafc,attorney,Cunningham-Cox,perfume,708.28
0f7ca1d9-2a91-4ac3-9e7f-5d6e208eb059,happy,Ward-Kelly,perfume oil,187.91
890c23be-6cee-43fe-b366-d41fccd61e69,dark,Kaufman PLC,perfume oil,398.0
7cd5d394-372b-405f-8825-58ceef9b5e92,send,Wilkinson-Diaz,perfume oil,95.13
4b7e4f95-0d32-4106-a7b4-f20606b7fc63,their,Duffy-Moody,perfume oil,720.04
345187be-d008-4649-b1a3-e14a05134fc9,very,Johnson-King,perfume,474.81
7f116b09-bec6-45bc-b7e8-09b2388b3c20,every,Ellis LLC,perfume,66.89
e75d11ee-d120-40b2-8bd7-80d3b7eedc14,middle,"Davis, Harris and Berg",perfume oil,926.19
24c98152-916c-4a96-b3be-7f731ec6ffe6,cultural,"Grant, Parker and Gonzalez",perfume oil,919.9
d30a1746-b4ed-4084-b433-a95115e7b87b,involve,"Roberts, Rodriguez and Phillips",perfume oil,638.01
84f5c057-4286-4d78-9ce9-536b82fd3f61,cut,"Jimenez, Anderson and Torres",perfume oil,894.61
66a0d4d5-4f91-40f2-8dfd-8baa33cc4781,reach,Thomas Inc,perfume oil,164.85
828327ed-36ca-491d-b9c7-ba19a5886f7b,go,Lloyd-Miller,perfume oil,412.2
b5bdb180-0c4e-4fc4-b46a-77d4b907d967,top,"Banks, Nunez and Turner",perfume oil,164.95
2bb2c9b1-40b0-4808-86d8-8b8dcf5ae4d6,bank,"Garcia, Phillips and Wallace",perfume oil,326.3
e4f0f9a7-2348-4d40-9539-0f9788914e18,summer,"Gray, Roberts and Davis",perfume oil,180.57
25d8f75b-190a-4a7f-8773-83d3979973ee,own,"Underwood, Rivas and Ortiz",perfume,189.45
bb314f3d-a152-4f0c-a0fc-16b84af06c90,add,"Johnson, Browning and Chavez",perfume oil,681.41
d98784cc-97aa-4bc6-894c-bdf32a5f3198,move,"Barnett, Walker and Landry",perfume,61.62
8e513b1d-74d1-4eae-9dce-52714570cfcb,management,Brown-Walker,perfume oil,554.23
4ffee5b5-d235-41f0-a806-708ce62dcb1d,near,Brewer-Martin,perfume,699.63
0f57e6cf-88d0-4019-99f6-089731739897,mind,Alexander Ltd,perfume oil,346.09
2b908fa8-7f16-4f85-93ab-6197c6f0b63a,for,Duran Group,perfume,452.11
4cccd40d-76b2-4749-a4f3-f28f95249454,turn,Mccarthy Group,perfume,626.74
b98924ac-3396-479e-b17e-4ac7f9be5f1e,young,Graham-Sims,perfume oil,397.65
14d22a43-d1db-475d-a00b-8600ecb4ac7c,begin,Townsend-Gilmore,perfume oil,673.77
ca71b61d-d26b-4c7d-8e90-71aa3be3a748,someone,Bailey-Foster,perfume oil,613.97
3e13aa70-6ee3-49ec-b6c9-26062b2ee81b,area,Dodson-Rodriguez,perfume,24.23
385689a6-98a1-40ed-a88c-331113049648,receive,Bishop PLC,perfume,951.88
7515908a-8c42-496b-8427-4c93f34947a5,you,"Mercado, Smith and Clark",perfume,195.03
4deee35d-e3b7-406e-ac40-de80869eca02,seven,Cannon LLC,perfume oil,168.69
254291dd-d657-43bf-a19e-06986e657ce9,picture,George PLC,perfume oil,666.89
2bfa8144-9333-4583-990c-6ef491a6fd30,community,"Davis, Lucas and Thompson",perfume,455.87
c6ff5276-f46f-4c04-b89a-82bfafe7d087,I,Moore PLC,perfume oil,542.23
c34531c8-0fac-4071-a3b5-02f706a463f4,hard,Tran-Walters,perfume,680.67
e6784d45-2e77-4d8b-b126-48d38f645234,expert,"Cunningham, Butler and Navarro",perfume,803.87
45b914cf-1534-4c7c-b9e7-e1768bd0b742,still,Ross-Kelly,perfume,18.47
d4b7c6f8-b607-44cc-9c43-5d07a1e7878a,region,Sandoval-Farley,perfume oil,12.6
71d4ecc5-354f-4fef-8696-f6d92033c41b,beat,Martinez LLC,perfume,473.64
315028c4-5c75-43f0-ac25-67d9dada411f,book,Brown and Sons,perfume oil,263.32
8bc2eb75-a2cc-405f-8984-4d8bbd3b7197,low,Hatfield-Wright,perfume oil,492.25
79d71729-2a00-45da-af60-a265f0c920a5,sit,Fernandez-Obrien,perfume oil,421.49
488c2ef6-f325-4d8c-a785-80470c37be26,us,"Jimenez, Lowe and Nelson",perfume,811.86
397e7c86-41f0-4745-80fc-0fe9a5ded380,hospital,Neal PLC,perfume oil,734.02
a37e4d07-b956-477d-acfa-6fb33697b539,foreign,Krause-Martinez,perfume,972.58
50d40f53-31f5-435b-b45b-c2428f859733,think,"Young, Turner and Wiggins",perfume,291.07
b477da4c-d273-4d71-8dbc-be9dc4867cb6,cut,Rogers and Sons,perfume,600.28
7af02cac-51fb-4992-b095-e9bf8b32eb98,build,Gross-Johnston,perfume,102.38
c5511925-fff0-4484-adad-141735f4c826,Congress,Reyes-Johnson,perfume,475.22
c3d34908-7c79-4daf-a3bd-dde87a86c923,high,Keller Ltd,perfume,458.97
d9fb23f2-4d92-4457-9852-cc9894f8af88,evening,"Miller, Cantu and Carr",perfume oil,470.37
7d1201cd-240e-44e6-b01b-79a2b01f3c5d,human,Sheppard-Garcia,perfume oil,214.15
4bb52315-b25c-4ce8-a00a-c606c7a28b22,fact,Gilmore-Lopez,perfume,966.95
3d10656b-5993-484a-b4d2-6e4fed94779c,agreement,Zamora Inc,perfume,638.69
491d4ea0-d9d4-46a9-b19d-90008b0a4a66,network,Duncan-Taylor,perfume oil,403.53
8f281ce4-4cec-4cb3-b1df-1e4a6e6c3e99,marriage,"Ramsey, Clarke and Miller",perfume,461.26
4392c28b-efa8-4f76-9a48-9a1e3708e90c,usually,Jones LLC,perfume oil,793.87
d3632a63-1c65-4fa3-a4ac-e02455b779f1,test,"Carpenter, Solomon and Roman",perfume oil,26.23
ac1d178b-e0b7-4826-b1fe-06c06953bf09,she,Henson Inc,perfume oil,422.86
908d1e5d-a77b-44ce-9eb2-4f8bb5df4e3a,according,Martin-Farmer,perfume,751.89
408c5d36-f1ff-4496-98e9-833442080181,after,Potts and Sons,perfume,327.02
de420cbf-8d87-44b6-a051-ff0a2cc46915,another,Barton-Olsen,perfume oil,101.77
1242a9c9-e2c8-4767-903f-299128436612,investment,"Patel, Whitaker and Hunter",perfume,966.04
d6b95a23-7736-4aaa-9a13-ed8bebc3d157,choose,"Roy, Hall and Zhang",perfume,364.37
cd7303d0-d5b7-4e81-a62e-e88740f701f8,game,Johnson and Sons,perfume,19.65
3b4dee60-29b1-4b1a-8453-00557eb3c2ec,physical,Perry Inc,perfume oil,70.26
87ba0c99-84de-4ed0-8bc8-8e01f7fce168,PM,Bailey Ltd,perfume,705.44
1fd473a2-117a-4ce9-9f7c-898c805f5f6a,wind,Baker Inc,perfume oil,932.59
5c5272c0-822a-47d0-8ea4-6b0fee5ab9f8,mean,"Torres, Johnson and Guerrero",perfume oil,632.64
49e5732f-84cc-4a42-84b6-64d09085da86,join,Russell-Villarreal,perfume,181.86
23cbfbbe-660e-4ff9-947b-4736ab8f10b7,yourself,Foster-Sanchez,perfume,858.85
320ec3e6-8b78-493a-9036-61e167920ca1,smile,Murphy-Taylor,perfume oil,247.04
972afd7d-3dcb-46d0-94d2-dcedd4c491c3,company,Meyers LLC,perfume,241.91
2e72d99e-3c03-40d0-bfd0-eca6083654ac,nation,Edwards LLC,perfume oil,980.16
0eba3512-80f2-4038-a2c5-0d09b61e8ecc,type,Browning Inc,perfume,502.04
255fc807-3466-4781-ae14-2a76b38bedac,painting,"Jackson, Jackson and Roberts",perfume oil,300.54
7c655e86-2749-4f93-8450-ca518188b00c,beat,Martin-Coleman,perfume,524.46
702bff68-0d53-48f3-acaa-e22e76131f8e,nation,Zimmerman LLC,perfume,150.72
5129b6a7-1ebb-47ef-b101-80a20dec6d92,difference,"Wilson, Howard and Anderson",perfume oil,363.08
1b8566d9-1f6d-4e24-915e-9dfd072d2601,fast,"Molina, Pugh and Mooney",perfume,632.52
f87d0194-91ea-4d77-acf4-f71820442d18,newspaper,Smith-Barrett,perfume,490.02
806b3610-4c5d-4c95-810c-2f71190f40b6,agreement,Orr LLC,perfume oil,135.38
cdbc1d7c-6d7f-41f6-97d5-2b4ef5a52973,guy,Hunter-Savage,perfume oil,143.55
df393620-60d4-4aa8-a582-efa6eade3123,economy,"Wise, Ellison and Fernandez",perfume oil,275.12
8149b151-f45c-4c20-a177-4d8073eacefd,already,Pratt-Alexander,perfume,657.4
b69a771f-ea55-47e3-a2c2-97d29567cb0d,everybody,King-Holmes,perfume,295.29
bd469fb1-d376-4137-9994-3816837b2e9a,city,Nichols and Sons,perfume oil,177.95
724d0c67-a0ea-4938-a9b8-8d8c4fd34ebe,fear,"White, Small and Alvarado",perfume,351.05
dab10f89-ec15-4c50-a761-7700647d4b08,little,Hood-Lindsey,perfume,259.51
6ba36eb8-9fe0-4b3a-8323-d3aa6b0394e9,itself,Bell-Davis,perfume,43.89
a8b66104-c3a1-4a2d-aa1c-44e987fa5340,have,"Palmer, Gonzalez and Walker",perfume oil,968.96
e92fd903-2a55-43d3-887e-ed950f8790da,us,Massey-Johnson,perfume,408.18
3fb6c591-65dc-4212-8f9f-809a7f591e8f,school,Hampton and Sons,perfume oil,524.58
ff9acff8-c603-49d3-b413-b5452f68f516,animal,Caldwell Ltd,perfume,11.02
ad65a670-436c-41ff-ba8c-fdccec405013,century,Hill-Dennis,perfume oil,199.44
bfe4637a-5b74-4e43-9073-72565eb31c26,end,"Hernandez, Boone and Dennis",perfume,980.51
a948ad9f-0b06-42c1-bda7-c395b645acda,number,Sanchez-Lopez,perfume oil,379.3
a7b98d41-c6b8-4a14-9b6a-2bd2023e82a5,series,"Bryant, Barnes and Guerrero",perfume oil,505.66
db566cb5-9019-4060-a04f-50d1cfe27167,baby,Christensen-Mills,perfume,412.65
e22ddc83-1c0b-416a-a7a6-9c871a88518a,garden,"Fields, Mclaughlin and Cooper",perfume,503.31
cd4ca71e-4cb8-40b1-9e63-208e6211df66,perform,"Bailey, Davis and Reed",perfume oil,210.22
40b68f5a-c405-4357-86cb-615f7ebd159e,agent,Gutierrez-Nixon,perfume,67.07
ee8f8732-6d4a-4869-83b2-860d3efcd64d,challenge,"Wilcox, Lopez and Page",perfume oil,970.14
50b54006-8c27-423a-be16-0224b5298b43,place,"Miller, Cox and Mann",perfume oil,241.66
a1d70bca-9d0e-434c-bb7d-ee3617c31c16,these,Vasquez LLC,perfume,673.84
18476830-4eec-45fb-bab3-72f6d77a50d7,to,Murphy LLC,perfume oil,886.9
c746d6ac-1621-4cf3-8ade-ce5fbd9ee0fd,test,"Wilson, Brown and Joseph",perfume oil,187.42
f1e8ed09-4537-4846-81b3-6fec680f778f,recently,"Wall, Knox and Craig",perfume,745.1
8cbfedab-3de9-4970-9635-b0217a0e8702,partner,Hoffman-Mack,perfume,968.17
00273384-2759-43ef-9306-f8f9427dd7e4,contain,"King, Austin and Wolfe",perfume,479.97
49b1ff75-9322-4af9-888d-b6713b3f1d89,training,Singleton Ltd,perfume oil,535.33
06d89371-7acc-415a-a499-ed07ccfee3d4,message,"Harmon, Carter and Dyer",perfume,582.35
eb42be64-3a6e-4cfb-8e38-40d248d1c0ff,carry,"Evans, Harvey and Johnson",perfume,358.36
9509d772-677b-4c4b-bba3-2b3afd5cc83a,around,Bonilla-Murphy,perfume,726.4
ed4949dd-472e-4b09-a2c8-b11b4b91366b,beautiful,"Pruitt, Nguyen and Cooley",perfume,433.24
abed6d04-2c69-4b19-a584-bbe364c6b841,before,"Martinez, Kelly and Mckinney",perfume oil,375.94
a4f9f4ba-49ff-4d81-be30-651bb75a45d9,contain,Hatfield-Matthews,perfume,661.78
499a39e5-8895-4730-8e46-fc1834c84869,it,Baker-Beard,perfume oil,88.66
a42d2e3e-ffd3-4b52-ad73-835863768468,capital,Strong Group,perfume oil,455.9
821ee0a6-902e-4967-ac72-2c47e59449e0,nation,"Gilbert, Martinez and Weeks",perfume oil,67.02
8a0a998e-3711-4a17-86e1-42682d4c9da6,trip,Davis-Little,perfume,384.96
1b60f284-a0bc-4b77-ac65-a63a1749fdb8,who,Cook and Sons,perfume oil,176.72
852e3e83-9936-4fca-84cf-47638227dbc2,admit,Hughes Inc,perfume,776.71
0099620a-a999-46a6-a1d7-95a8e9dcf1c3,participant,"Duran, Phillips and Davis",perfume oil,515.58
a43ec45e-65fd-4f32-97bc-73f280d16fe7,third,"Mullins, Valenzuela and Perkins",perfume oil,344.09
aeb794d4-b5e9-4b74-8c65-08bf9f724737,wear,Shaw Inc,perfume,113.92
d78953b8-dff5-47de-a5a8-3b81c66cd2fe,likely,Garcia Inc,perfume oil,696.97
949f230c-24d9-481f-b04d-2f86c0076725,appear,Nolan PLC,perfume,641.63
832d50c7-8258-4e84-be3c-8f8467d8d924,view,Dominguez-Richards,perfume,796.6
e74bf660-2ffd-412e-b10a-e5fb2151b9c0,forward,Stewart and Sons,perfume,49.11
5ed028b3-1217-4784-9d73-bbbbafab88c8,early,"Scott, Porter and Benson",perfume oil,71.25
32619fe1-b9e2-4925-bc08-ff186567b315,soldier,Hayden-Mckay,perfume,534.02
e523adf4-4176-41ef-b468-660bd8679a16,foreign,Sullivan-Scott,perfume oil,782.1
82fef45f-d69c-4a8f-bee8-2656a70b1565,Democrat,"Campbell, Jones and Bailey",perfume oil,59.8
628f2a2b-798e-484a-b2d7-4168dc8e6c15,still,"Black, Thomas and Porter",perfume,455.67
327064d6-0fe4-4c00-870b-494dc7db43d4,economy,Fields-Robinson,perfume oil,977.2
c23dff59-6216-4b14-9737-5e008ce9a74e,establish,Schneider-Taylor,perfume oil,936.7
af0e100d-a67c-4bb8-a211-0c815e18b83e,defense,Sullivan Ltd,perfume,456.9
e4567314-dec9-4563-8594-4680d7445bef,minute,Gregory Group,perfume oil,384.23
fa447467-dbf2-4c26-95a6-0dc2a1446f78,white,"Keller, Mendoza and Smith",perfume oil,163.44
62eb3f33-ced3-462a-be61-495b4ad7234e,argue,Rodriguez PLC,perfume oil,781.01
ad5204d7-e5c2-417c-91f7-5fa07619ef54,officer,Thornton Group,perfume,118.46
0ea15074-b823-4345-924c-aeb9fafe9571,treat,Guzman-Petersen,perfume,91.14
e911b0a9-75fb-4c17-b552-52be0d19f856,watch,Jones-May,perfume,246.73
9c9792f9-4dc2-43b2-98f4-e989cf1bdb3a,toward,Richardson PLC,perfume,647.26
b835cfa0-70c5-4018-a5e8-50c9d71b5d56,hit,Hamilton-Daniels,perfume oil,350.29
